{"type":"FeatureCollection","name":"changchun-road-basemap-v4","metadata":{"crs":"EPSG:4326","coordinate_order":"longitude,latitude","source_url":"https://www.openstreetmap.org/copyright","source_date":"2026-08-14","source_sha256":"3566c5082f2d4a731009f8934b06f0d3a8639e9c578febf11166bae0c04f5cdb","source_files":["roads-ne.json:a6aa32df1fc0f1987f736ad8114aa23cac6ac19e221c0fd09501df24d250822c","roads-nw.json:99e9e4e3c7fdad393227952775dce40f30cd39c11ab537d73b0767f95425936b","roads-se.json:e4a1b4f08b676e3c9dc1af632870a6e95053cc73a488f6ce05c8f4c1d2d4a2f5","roads-sw.json:f06758ac076749728eb5fbd77f563d06e6d0591755f3940d206b2631afbc8580","context.json:3519a65aa673deffe8e7f41774822a1c87cb22c1affe4450144659b1c73a2381","route-connectors.json:c59d98022df75c0777f1bfc5781a31042d0509f89b4ff5d36906bb7606acc941"],"license":"ODbL 1.0","attribution":"© OpenStreetMap contributors","clip_bounds":[125.15,43.6,125.6,44.1],"simplification_method":"Douglas-Peucker in local metres after Liang-Barsky clipping","simplification_tolerance_meters":"6-10 by layer","route_proximity_meters":1200,"generator_version":"build-changchun-route-corridors-v4","route_connector_source":"frozen showcase route corridor network derived from fixed OSM vector source"},"features":[{"type":"Feature","properties":{"layer":"service_boundary","name":"长春市及近郊服务范围"},"geometry":{"type":"Polygon","coordinates":[[[125.15,44.09],[125.15,43.82],[125.19,43.7],[125.28,43.62],[125.42,43.6],[125.54,43.64],[125.6,43.72],[125.6,43.87],[125.56,43.98],[125.5,44.02],[125.3,44.02],[125.2,44.09],[125.15,44.09]]]}},{"type":"Feature","properties":{"layer":"railway","name":"京哈高速线","detail_level":1},"geometry":{"type":"LineString","coordinates":[[125.4113139,44.1],[125.4104832,44.098736],[125.4096526,44.0974719],[125.4088219,44.0962079],[125.4079913,44.0949438],[125.4071606,44.0936798],[125.40633,44.0924158],[125.4054993,44.0911517],[125.4046687,44.0898877],[125.403838,44.0886236],[125.4030074,44.0873596],[125.4021767,44.0860956],[125.4013461,44.0848315],[125.4005154,44.0835675],[125.3996848,44.0823034],[125.3988541,44.0810394],[125.3980582,44.0798695],[125.3972623,44.0786995],[125.3964664,44.0775296],[125.3956706,44.0763597],[125.3948747,44.0751898],[125.3940788,44.0740198],[125.3932829,44.0728499],[125.3923066,44.0716122],[125.3913303,44.0703744],[125.390354,44.0691367],[125.3893777,44.067899],[125.3884014,44.0666613],[125.3874251,44.0654235],[125.3864488,44.0641858],[125.3854725,44.0629481],[125.3844962,44.0617103],[125.3835199,44.0604726],[125.3825436,44.0592349],[125.3815673,44.0579972],[125.3805909,44.0567594],[125.3796146,44.0555217],[125.3786383,44.054284],[125.377662,44.0530463],[125.3766857,44.0518085],[125.3757094,44.0505708],[125.3747331,44.0493331],[125.3737568,44.0480953],[125.3727805,44.0468576],[125.3718042,44.0456199],[125.3708279,44.0443822],[125.3698516,44.0431444],[125.3688753,44.0419067],[125.3679054,44.0407081],[125.3669355,44.0395095],[125.3659657,44.0383109],[125.3649958,44.0371122],[125.3640259,44.0359136],[125.3630561,44.034715],[125.3620862,44.0335164],[125.3611163,44.0323178],[125.3600335,44.0311666],[125.3589506,44.0300153],[125.3578678,44.0288641],[125.356785,44.0277128],[125.3557139,44.0267165],[125.3546429,44.0257202],[125.3535718,44.024724],[125.3525008,44.0237277],[125.3514297,44.0227314],[125.3501125,44.0217152],[125.3487952,44.020699],[125.347478,44.0196828],[125.3461608,44.0186667],[125.3448436,44.0176505],[125.3435263,44.0166343],[125.3422091,44.0156181],[125.3408196,44.0146409],[125.3394301,44.0136637],[125.3380407,44.0126865],[125.3366512,44.0117093],[125.3352617,44.0107321],[125.3338722,44.0097549],[125.3324827,44.0087777],[125.3310933,44.0078005],[125.3297038,44.0068233],[125.3283143,44.0058461],[125.3269248,44.004869],[125.3255353,44.0038918],[125.3241458,44.0029146],[125.3227564,44.0019374],[125.3213669,44.0009602],[125.3199774,43.999983],[125.3185879,43.9990058],[125.3171984,43.9980286],[125.315809,43.9970514],[125.3144195,43.9960742],[125.31303,43.995097],[125.3116216,43.9941007],[125.3102132,43.9931044],[125.3088048,43.9921081],[125.3073964,43.9911118],[125.305988,43.9901155],[125.3045796,43.9891192],[125.3031712,43.9881228],[125.3017628,43.9871265],[125.3003544,43.9861302],[125.298946,43.9851339],[125.2975376,43.9841376],[125.2961292,43.9831413],[125.2947209,43.982145],[125.2933125,43.9811487],[125.2919041,43.9801524],[125.2904957,43.9791561],[125.2890873,43.9781598],[125.2876789,43.9771635],[125.2862705,43.9761672],[125.2848621,43.9751708],[125.2834537,43.9741745],[125.2820453,43.9731782],[125.2806369,43.9721819],[125.2792285,43.9711856],[125.2778201,43.9701893],[125.2764117,43.969193],[125.2751157,43.9681898],[125.2738196,43.9671867],[125.2725235,43.9661835],[125.2712275,43.9651803],[125.2700388,43.9641451],[125.26885,43.96311],[125.2676613,43.9620748],[125.266829,43.9612614],[125.2659966,43.960448],[125.2651643,43.9596346],[125.2642482,43.9586037],[125.2633321,43.9575729],[125.2624161,43.956542],[125.2615,43.9555111],[125.2607656,43.9545801],[125.2600312,43.9536491],[125.259339,43.9526702],[125.2586468,43.9516914],[125.2579546,43.9507125],[125.2571653,43.9494128],[125.256376,43.948113],[125.2555867,43.9468133],[125.2549651,43.9456088],[125.2543435,43.9444042]]}},{"type":"Feature","properties":{"layer":"railway","name":"京哈高速线","detail_level":1},"geometry":{"type":"LineString","coordinates":[[125.4112518,44.1],[125.4104219,44.0987371],[125.409592,44.0974743],[125.4087621,44.0962114],[125.4079323,44.0949485],[125.4071024,44.0936856],[125.4062725,44.0924228],[125.4054426,44.0911599],[125.4046127,44.089897],[125.4037828,44.0886341],[125.4029529,44.0873713],[125.402123,44.0861084],[125.4012932,44.0848455],[125.4004633,44.0835826],[125.3996334,44.0823198],[125.3988035,44.0810569],[125.3980077,44.0798872],[125.397212,44.0787174],[125.3964162,44.0775477],[125.3956205,44.0763779],[125.3948247,44.0752082],[125.394029,44.0740384],[125.3932332,44.0728687],[125.3922569,44.071631],[125.3912807,44.0703933],[125.3903044,44.0691557],[125.3893281,44.067918],[125.3883519,44.0666803],[125.3873756,44.0654426],[125.3863994,44.064205],[125.3854231,44.0629673],[125.3844468,44.0617296],[125.3834706,44.0604919],[125.3824943,44.0592543],[125.381518,44.0580166],[125.3805418,44.0567789],[125.3795655,44.0555412],[125.3785892,44.0543036],[125.377613,44.0530659],[125.3766367,44.0518282],[125.3756604,44.0505905],[125.3746842,44.0493529],[125.3737079,44.0481152],[125.3727317,44.0468775],[125.3717554,44.0456398],[125.3707791,44.0444022],[125.3698029,44.0431645],[125.3688266,44.0419268],[125.3678569,44.0407284],[125.3668871,44.0395299],[125.3659174,44.0383315],[125.3649477,44.037133],[125.3639779,44.0359346],[125.3630082,44.0347362],[125.3620384,44.0335377],[125.3610687,44.0323393],[125.3599864,44.0311886],[125.3589041,44.0300379],[125.3578218,44.0288872],[125.3567395,44.0277365],[125.355669,44.0267407],[125.3545985,44.0257449],[125.3535279,44.0247492],[125.3524574,44.0237534],[125.3513869,44.0227576],[125.35007,44.0217417],[125.3487532,44.0207258],[125.3474363,44.0197099],[125.3461195,44.018694],[125.3448026,44.0176781],[125.3434858,44.0166622],[125.3421689,44.0156463],[125.3407795,44.0146691],[125.33939,44.013692],[125.3380006,44.0127148],[125.3366111,44.0117377],[125.3352217,44.0107605],[125.3338323,44.0097833],[125.3324428,44.0088062],[125.3310534,44.007829],[125.329664,44.0068518],[125.3282745,44.0058747],[125.3268851,44.0048975],[125.3254956,44.0039204],[125.3241062,44.0029432],[125.3227168,44.001966],[125.3213273,44.0009889],[125.3199379,44.0000117],[125.3185485,43.9990345],[125.317159,43.9980574],[125.3157696,43.9970802],[125.3143801,43.9961031],[125.3129907,43.9951259],[125.3115823,43.9941296],[125.3101739,43.9931332],[125.3087654,43.9921369],[125.307357,43.9911406],[125.3059486,43.9901443],[125.3045402,43.9891479],[125.3031318,43.9881516],[125.3017233,43.9871553],[125.3003149,43.986159],[125.2989065,43.9851626],[125.2974981,43.9841663],[125.2960897,43.98317],[125.2946812,43.9821737],[125.2932728,43.9811773],[125.2918644,43.980181],[125.290456,43.9791847],[125.2890476,43.9781883],[125.2876392,43.977192],[125.2862307,43.9761957],[125.2848223,43.9751994],[125.2834139,43.974203],[125.2820055,43.9732067],[125.2805971,43.9722104],[125.2791886,43.9712141],[125.2777802,43.9702177],[125.2763718,43.9692214],[125.2750752,43.9682178],[125.2737786,43.9672142],[125.2724819,43.9662105],[125.2711853,43.9652069],[125.2699959,43.9641711],[125.2688064,43.9631354],[125.267617,43.9620996],[125.2667841,43.9612856],[125.2659511,43.9604717],[125.2651182,43.9596577],[125.2642015,43.9586262],[125.2632849,43.9575946],[125.2623683,43.956563],[125.2614516,43.9555315],[125.2607167,43.9545999],[125.2599817,43.9536682],[125.2592891,43.9526888],[125.2585964,43.9517093],[125.2579038,43.9507299],[125.2571141,43.9494294],[125.2563243,43.948129],[125.2555346,43.9468285],[125.2549139,43.9456231],[125.2542931,43.9444176]]}},{"type":"Feature","properties":{"layer":"waterway","name":null,"detail_level":1},"geometry":{"type":"LineString","coordinates":[[125.1870175,43.6428276],[125.1866277,43.6441267],[125.1862379,43.6454258],[125.1858481,43.6467248],[125.1854582,43.6480239],[125.1850684,43.649323],[125.1846786,43.6506221],[125.1847215,43.6511655],[125.1852365,43.651771],[125.1854511,43.6527181],[125.185494,43.6535254],[125.1860626,43.6542085],[125.1866313,43.6548916],[125.1869102,43.6557921],[125.1871892,43.6561491],[125.1883908,43.6566148],[125.1893778,43.6572513],[125.1905473,43.6583923],[125.1917167,43.6595334],[125.1919742,43.6598438],[125.1919098,43.6602475],[125.191588,43.6608684],[125.1917596,43.6611168],[125.1926716,43.6614816],[125.1935835,43.6618463],[125.194812,43.6626535],[125.1960404,43.6634607],[125.1972689,43.6642679],[125.1984973,43.6650751],[125.199184,43.6656959],[125.2006217,43.6662857],[125.2020593,43.6668756],[125.203497,43.6674654],[125.2049346,43.6680553],[125.2063723,43.6686451],[125.207295,43.66946],[125.2082177,43.6702748],[125.2090803,43.6713302],[125.2099429,43.6723855],[125.2108055,43.6734409],[125.2116681,43.6744962],[125.2125307,43.6755516],[125.2122947,43.6763354],[125.2120586,43.6771191],[125.2116509,43.6779416],[125.210932,43.6788261],[125.2102132,43.6797107],[125.2100416,43.6802694],[125.2100308,43.6812548],[125.2100201,43.6822402],[125.2105351,43.6828919],[125.211093,43.6833109],[125.2111145,43.6840092],[125.211608,43.6850178],[125.2116724,43.6859256],[125.2117367,43.6868333],[125.2109428,43.6880901],[125.2101489,43.6893469],[125.2094623,43.689983],[125.2087756,43.6906192],[125.2075954,43.6911157],[125.2071877,43.6915812],[125.2068444,43.6926828],[125.2065011,43.6937843],[125.2066513,43.6946842],[125.2071662,43.6958943],[125.2071519,43.6970578],[125.2071376,43.6982214],[125.2071233,43.6993849],[125.2069302,43.7004243],[125.2057393,43.7013628],[125.2045484,43.7023013],[125.2033575,43.7032398],[125.2021666,43.7041783],[125.201332,43.7050015],[125.2004973,43.7058248],[125.1996627,43.706648],[125.1989903,43.7073434],[125.1980189,43.7085216],[125.1970475,43.7096997],[125.1962069,43.7107883],[125.1953663,43.711877],[125.1945257,43.7129656],[125.1936851,43.7140542],[125.1933863,43.7142905],[125.1930313,43.714412],[125.1928352,43.7143513],[125.1929006,43.713872],[125.1927885,43.7136829],[125.1923122,43.7136357],[125.192088,43.7140407],[125.1912474,43.7142973],[125.1909766,43.7146281],[125.1891628,43.7148279],[125.1873489,43.7150277],[125.1855351,43.7152276],[125.1837212,43.7154274],[125.1819074,43.7156272],[125.1801748,43.7158618],[125.1784423,43.7160964],[125.1767097,43.7163309],[125.1749771,43.7165655],[125.174342,43.7167275],[125.1730905,43.7176524],[125.171993,43.7185705],[125.1708956,43.7194885],[125.1694385,43.7203008],[125.1679815,43.721113],[125.1665244,43.7219253],[125.1651514,43.7227589],[125.1637785,43.7235925],[125.1623931,43.7242225],[125.1610076,43.7248525],[125.1596222,43.7254825],[125.1580185,43.7261338],[125.1564148,43.726785],[125.1548111,43.7274363],[125.1532074,43.7280876],[125.1516037,43.7287388],[125.15,43.7293901]]}},{"type":"Feature","properties":{"layer":"railway","name":"长图线","detail_level":1},"geometry":{"type":"LineString","coordinates":[[125.4862573,43.9713824],[125.4874709,43.9724777],[125.4886845,43.9735731],[125.4898981,43.9746684],[125.4911117,43.9757638],[125.4923253,43.9768591],[125.4935389,43.9779545],[125.4947524,43.9790498],[125.495966,43.9801452],[125.4971796,43.9812405],[125.4983932,43.9823359],[125.4996068,43.9834312],[125.5008204,43.9845266],[125.502034,43.9856219],[125.5032476,43.9867173],[125.5044612,43.9878126],[125.5056748,43.988908],[125.5068884,43.9900033],[125.508102,43.9910987],[125.5093156,43.992194],[125.5105292,43.9932894],[125.5117427,43.9943847],[125.5129563,43.9954801],[125.5141699,43.9965754],[125.5153835,43.9976708],[125.5165971,43.9987661],[125.5178107,43.9998615],[125.5190243,44.0009568],[125.5201247,44.0019318],[125.5212251,44.0029069],[125.5223255,44.0038819],[125.5234259,44.0048569],[125.5245263,44.005832],[125.5256267,44.006807],[125.5263539,44.0073232],[125.5270811,44.0078394],[125.5285515,44.0086469],[125.5300219,44.0094543],[125.5314923,44.0102617],[125.5329627,44.0110692],[125.5344331,44.0118767],[125.5359035,44.0126841],[125.5373738,44.0134915],[125.5388442,44.014299],[125.5403146,44.0151065],[125.541785,44.0159139],[125.5432554,44.0167213],[125.5447258,44.0175288],[125.546318,44.0183765],[125.5479102,44.0192242],[125.5495025,44.020072],[125.5510947,44.0209197],[125.5526869,44.0217674],[125.554126,44.022571],[125.5555652,44.0233746],[125.5570043,44.0241783],[125.5584435,44.0249819],[125.5598826,44.0257855],[125.5610595,44.0265216],[125.5622365,44.0272578],[125.5634134,44.0279939],[125.5645904,44.0287301],[125.5661244,44.0296199],[125.5676584,44.0305097],[125.5691924,44.0313994],[125.5707263,44.0322892],[125.5722603,44.033179],[125.5737943,44.0340688],[125.5753283,44.0349586],[125.5768623,44.0358483],[125.5783963,44.0367381],[125.5799302,44.0376279],[125.5814642,44.0385177],[125.5829982,44.0394075],[125.5845322,44.0402972],[125.5860662,44.041187],[125.5876002,44.0420768],[125.5891342,44.0429666],[125.5906681,44.0438564],[125.5922021,44.0447461],[125.5937361,44.0456359],[125.5952701,44.0465257],[125.5968467,44.0471582],[125.5984234,44.0477908],[125.6,44.0484233]]}},{"type":"Feature","properties":{"layer":"railway","name":"长图线","detail_level":1},"geometry":{"type":"LineString","coordinates":[[125.6,44.0483651],[125.598437,44.0477374],[125.596874,44.0471096],[125.595311,44.0464819],[125.5937773,44.0455923],[125.5922436,44.0447027],[125.59071,44.0438131],[125.5891763,44.0429235],[125.5876426,44.0420339],[125.5861089,44.0411443],[125.5845752,44.0402547],[125.5830416,44.0393651],[125.5815079,44.0384755],[125.5799742,44.0375858],[125.5784405,44.0366962],[125.5769068,44.0358066],[125.5753732,44.034917],[125.5738395,44.0340274],[125.5723058,44.0331378],[125.5707721,44.0322482],[125.5692384,44.0313586],[125.5677048,44.030469],[125.5661711,44.0295794],[125.5646374,44.0286898],[125.5634603,44.0279536],[125.5622832,44.0272174],[125.5611061,44.0264811],[125.559929,44.0257449],[125.5584894,44.024941],[125.5570498,44.0241371],[125.5556102,44.0233333],[125.5541706,44.0225294],[125.552731,44.0217255],[125.5511387,44.0208778],[125.5495465,44.02003],[125.5479542,44.0191823],[125.546362,44.0183345],[125.5447697,44.0174868],[125.5432997,44.0166796],[125.5418297,44.0158723],[125.5403596,44.0150651],[125.5388896,44.0142578],[125.5374196,44.0134506],[125.5359495,44.0126434],[125.5344795,44.0118361],[125.5330095,44.0110289],[125.5315395,44.0102216],[125.5300695,44.0094144],[125.5285994,44.0086071],[125.5271294,44.0077999],[125.5264052,44.0072858],[125.5256809,44.0067716],[125.5245809,44.005797],[125.523481,44.0048223],[125.522381,44.0038477],[125.521281,44.0028731],[125.5201811,44.0018984],[125.5190811,44.0009238],[125.5178682,43.9998278],[125.5166552,43.9987318],[125.5154423,43.9976358],[125.5142294,43.9965398],[125.5130165,43.9954439],[125.5118035,43.9943479],[125.5105906,43.9932519],[125.5093777,43.9921559],[125.5081647,43.9910599],[125.5069518,43.9899639],[125.5057389,43.9888679],[125.5045259,43.9877719],[125.503313,43.9866759],[125.5021001,43.98558],[125.5008872,43.984484],[125.4996742,43.983388],[125.4984613,43.982292],[125.4972484,43.981196],[125.4960354,43.9801],[125.4948225,43.979004],[125.4936096,43.977908],[125.4923966,43.976812],[125.4911837,43.9757161],[125.4899708,43.9746201],[125.4887579,43.9735241],[125.4875449,43.9724281],[125.486332,43.9713321]]}},{"type":"Feature","properties":{"layer":"waterway","name":"伊通河","detail_level":1},"geometry":{"type":"LineString","coordinates":[[125.3353298,43.6],[125.3360536,43.6013127],[125.3367775,43.6026255],[125.3375013,43.6039382],[125.3382252,43.6052509],[125.338949,43.6065637],[125.3396729,43.6078764],[125.3403967,43.6091891],[125.3411206,43.6105019],[125.3418444,43.6118146],[125.3425683,43.6131273],[125.3432921,43.61444],[125.344016,43.6157528],[125.3447398,43.6170655],[125.3454637,43.6183782],[125.3461875,43.619691],[125.3469114,43.6210037],[125.3471189,43.6224279],[125.3473265,43.6238521],[125.347534,43.6252763],[125.3477416,43.6267005],[125.3479491,43.6281247],[125.3481567,43.6295489],[125.3483642,43.6309731],[125.3485717,43.6323973],[125.3487793,43.6338214],[125.3489868,43.6352456],[125.3491944,43.6366698],[125.3494019,43.638094],[125.3496095,43.6395182],[125.349817,43.6409424],[125.3500246,43.6423666],[125.3502321,43.6437908],[125.3504396,43.645215],[125.3506472,43.6466392],[125.3508547,43.6480634],[125.3510623,43.6494876],[125.3512698,43.6509118],[125.3514774,43.652336],[125.3516849,43.6537602],[125.3518925,43.6551843],[125.3521,43.6566085],[125.3523075,43.6580327],[125.3525151,43.6594569],[125.3527226,43.6608811],[125.3529302,43.6623053],[125.3531377,43.6637295],[125.3533453,43.6651537],[125.3535528,43.6665779],[125.3535497,43.6679513],[125.3535466,43.6693247],[125.3535434,43.670698],[125.3535403,43.6720714],[125.3535372,43.6734448],[125.3535341,43.6748182],[125.3535309,43.6761916],[125.3535278,43.677565],[125.3535247,43.6789383],[125.3535216,43.6803117],[125.3535185,43.6816851],[125.3535153,43.6830585],[125.3535122,43.6844319],[125.3535091,43.6858053],[125.353506,43.6871786],[125.3535028,43.688552],[125.3534997,43.6899254],[125.3534966,43.6912988],[125.3526308,43.6924455],[125.3517651,43.6935923],[125.3508993,43.694739],[125.3500335,43.6958857],[125.3491678,43.6970325],[125.348302,43.6981792],[125.3472851,43.6993051],[125.3462681,43.700431],[125.3460837,43.7011175]]}},{"type":"Feature","properties":{"layer":"waterway","name":"永春河","detail_level":1},"geometry":{"type":"LineString","coordinates":[[125.2684822,43.7856367],[125.2679283,43.7866116],[125.2670086,43.7874914],[125.2660888,43.7883712],[125.2651691,43.789251],[125.2647614,43.7897098],[125.2646086,43.790068],[125.2646729,43.7907728],[125.2649116,43.7910032],[125.2657002,43.7914273],[125.2659765,43.791677],[125.2662997,43.792468],[125.2669448,43.7931137],[125.2668858,43.7934602],[125.2666202,43.7938649],[125.2666041,43.7945173],[125.2671057,43.7954583],[125.2671486,43.7959597],[125.2670708,43.7962888],[125.2667892,43.7965986],[125.2663922,43.7967148],[125.2653515,43.7968251],[125.264799,43.7970594],[125.2647775,43.7980041],[125.2641124,43.7986449],[125.2638844,43.7990863],[125.2641687,43.7999052],[125.2641553,43.8011733],[125.2642867,43.8018905],[125.2644181,43.8026077],[125.2641088,43.8036877],[125.2641258,43.8044506],[125.2647078,43.8051881],[125.2648714,43.8055424],[125.26485,43.8058443],[125.2647105,43.8061057],[125.2641517,43.806661],[125.2635196,43.8074839],[125.2634222,43.8078069],[125.2635399,43.8090262],[125.2634324,43.8095995],[125.2631763,43.8097679],[125.2625225,43.8107255],[125.2615928,43.8115503],[125.260663,43.8123751],[125.259861,43.8126733],[125.2593622,43.8134865],[125.2593221,43.8142559],[125.2592819,43.8150252],[125.2585252,43.8160709],[125.2584135,43.8164093],[125.2585348,43.8168058],[125.2592312,43.8175607],[125.2593267,43.8179165],[125.2592662,43.8183066],[125.2589692,43.8187492],[125.2584135,43.8190917],[125.2568003,43.8195846],[125.2551871,43.8200775],[125.2539039,43.8207213],[125.2526206,43.8213652],[125.2521175,43.8218467],[125.2517058,43.8225705],[125.2512941,43.8232943],[125.2507784,43.8238992],[125.2496874,43.8248424],[125.2488318,43.8253668],[125.2477106,43.8258931],[125.2465358,43.8262763],[125.2452578,43.8265143],[125.2439797,43.8267523],[125.2427042,43.8274288],[125.2414287,43.8281053],[125.2401532,43.8287818],[125.2395378,43.828963],[125.2387427,43.82906],[125.237891,43.8289746],[125.237179,43.828785],[125.2354983,43.8280805],[125.2338176,43.8273759],[125.232137,43.8266714],[125.2304563,43.8259668],[125.2287756,43.8252623],[125.2277832,43.8250562],[125.2270576,43.8249914],[125.2256253,43.825093],[125.2246128,43.8253474],[125.2240294,43.8255941],[125.2228235,43.8264008],[125.2216176,43.8272076],[125.2201344,43.828017],[125.219594,43.8282064],[125.2180154,43.828261],[125.2164367,43.8283155],[125.2148821,43.8282677],[125.2144193,43.8281762],[125.2137834,43.8276938],[125.2129488,43.8268455],[125.2126065,43.8266977],[125.2112564,43.8266641],[125.2108812,43.826724],[125.2099713,43.827057],[125.2095244,43.8271062],[125.2079964,43.8266008],[125.2069442,43.8264587],[125.20605,43.8265005],[125.2050068,43.8267212],[125.2036483,43.8267361],[125.2025675,43.8265219],[125.2014867,43.8263077],[125.2004743,43.8262355],[125.198827,43.8261636],[125.1971796,43.8260918],[125.1955323,43.82602],[125.193885,43.8259481],[125.1931919,43.8260533]]}},{"type":"Feature","properties":{"layer":"railway","name":"长双烟线","detail_level":1},"geometry":{"type":"LineString","coordinates":[[125.5064,43.8820865],[125.5075372,43.8811643],[125.5086745,43.8802422],[125.5098067,43.8790649],[125.5109388,43.8778876],[125.512071,43.8767103],[125.5132032,43.8755329],[125.5143353,43.8743556],[125.5154675,43.8731783],[125.5163212,43.8723804],[125.517175,43.8715826],[125.5180287,43.8707847],[125.5195087,43.8698301],[125.5209887,43.8688755],[125.5224686,43.867921],[125.5239486,43.8669664],[125.5254286,43.8660118],[125.5262283,43.8653513],[125.527028,43.8646908],[125.5280707,43.8636106],[125.5285971,43.8628625],[125.5291235,43.8621144],[125.529736,43.8611181],[125.5303484,43.8601218],[125.5309608,43.8591254],[125.5315733,43.8581291],[125.532292,43.8573043],[125.5330158,43.8567313],[125.5337396,43.8561583],[125.5350353,43.8554137],[125.5367765,43.8547421],[125.5384326,43.8542253],[125.5400887,43.8537085],[125.5417449,43.8531916],[125.543401,43.8526748],[125.5450571,43.852158],[125.5468151,43.8516259],[125.5485732,43.8510938],[125.5503312,43.8505617],[125.5520892,43.8500296],[125.5538473,43.8494974],[125.5556053,43.8489653],[125.5573633,43.8484332],[125.5591214,43.8479011],[125.5608794,43.847369],[125.5620233,43.8468653],[125.5631672,43.8463615],[125.5639973,43.8458541],[125.5648274,43.8453467],[125.5655311,43.844774],[125.5662347,43.8442012],[125.5669224,43.8434894],[125.5676102,43.8427776],[125.5681569,43.8419332],[125.5687035,43.8410887],[125.5694228,43.8397882],[125.5701421,43.8384877],[125.5708613,43.8371872],[125.5715806,43.8358867],[125.572204,43.8347032],[125.5728275,43.8335198],[125.5734509,43.8323363],[125.5740744,43.8311529],[125.5746978,43.8299694],[125.5753213,43.828786],[125.5759447,43.8276025],[125.5765643,43.8265191],[125.577184,43.8254357],[125.5777817,43.8242418],[125.5783795,43.823048],[125.5790764,43.8218232],[125.5797733,43.8205984]]}},{"type":"Feature","properties":{"layer":"waterway","name":null,"detail_level":1},"geometry":{"type":"LineString","coordinates":[[125.2897164,43.6877351],[125.2903113,43.6878671],[125.2911337,43.6883144],[125.291956,43.6887617],[125.2926619,43.6889248],[125.2940519,43.6897089],[125.2949179,43.6897562],[125.2958713,43.6900246],[125.2970387,43.6904922],[125.297604,43.6907713],[125.2989391,43.6917464],[125.3002743,43.6927214],[125.3010382,43.6931398],[125.3018763,43.6942719],[125.3027144,43.695404],[125.3035526,43.6965362],[125.3043907,43.6976683],[125.3052288,43.6988004],[125.3060669,43.6999325],[125.3063216,43.7004008],[125.3065763,43.7005744],[125.3067,43.7007901],[125.3065472,43.7012583],[125.3067437,43.701695],[125.3077698,43.7022001],[125.3084939,43.7031707],[125.309218,43.7041414],[125.3096401,43.7045044],[125.309855,43.705505],[125.3101152,43.7058451],[125.3104005,43.7060369],[125.3101102,43.7066773],[125.3102704,43.7072417],[125.3102354,43.7078568],[125.30986,43.7079436],[125.3097348,43.7082584],[125.3097699,43.7084284],[125.3102304,43.7090435],[125.310393,43.7097562],[125.3105557,43.710469],[125.3104856,43.7115471],[125.3105507,43.7117534],[125.310811,43.7121115],[125.3121674,43.7130811],[125.312743,43.7136274],[125.3128331,43.7143871],[125.312763,43.7149117],[125.3130733,43.7150926],[125.3134036,43.7151179],[125.313729,43.7152409],[125.313739,43.7154905],[125.3138942,43.7157474],[125.313759,43.71612],[125.3139692,43.7168797],[125.3139192,43.7171184],[125.3133236,43.7179251],[125.3127179,43.7183122],[125.3112414,43.7188693],[125.3104906,43.7189416],[125.3095497,43.7192383],[125.3096097,43.7198098],[125.3093494,43.7201462],[125.3088696,43.7213757],[125.3090798,43.7217301],[125.3090698,43.7218893],[125.3085793,43.7230541],[125.3083941,43.7231517],[125.3080337,43.7231915],[125.3078736,43.7230324],[125.3076783,43.7229528],[125.3075432,43.7229781],[125.3071778,43.7232675],[125.3061368,43.7236039],[125.3058014,43.7238498],[125.3055712,43.7237956],[125.305441,43.7236039],[125.3052458,43.7235749],[125.3049705,43.7233398],[125.3045952,43.7233868],[125.3041347,43.723177],[125.3037493,43.7231734],[125.3034039,43.7233145],[125.3023679,43.7233036],[125.3022728,43.7237196],[125.3016771,43.7241464],[125.2999353,43.7243671],[125.2997351,43.7242441],[125.299575,43.7238209],[125.2994448,43.7237088],[125.2988993,43.7235749],[125.2978207,43.7236093],[125.296742,43.7236437],[125.2948734,43.7235352],[125.2930048,43.7234266],[125.2911362,43.7233181],[125.2905957,43.7231517],[125.2903154,43.7229021],[125.2898249,43.7228008],[125.2883283,43.722714],[125.2865531,43.7226904],[125.284778,43.7226668],[125.2830028,43.7226431],[125.2812277,43.7226195],[125.2794525,43.7225959],[125.2795249,43.7239534],[125.2795973,43.7253108],[125.2796697,43.7266683],[125.2797421,43.7280258],[125.2798144,43.7293832],[125.2798868,43.7307407],[125.2799592,43.7320981],[125.2800316,43.7334556],[125.2798261,43.7336311],[125.2798261,43.7345287],[125.2801156,43.7351636]]}},{"type":"Feature","properties":{"layer":"railway","name":"长图线","detail_level":1},"geometry":{"type":"LineString","coordinates":[[125.4786332,43.9643468],[125.4776525,43.9634619],[125.4766718,43.962577],[125.475691,43.9616921],[125.4747103,43.9608072],[125.473995,43.9602469],[125.4732797,43.9596867],[125.4718203,43.95872],[125.470361,43.9577534],[125.4689016,43.9567867],[125.4674423,43.95582],[125.4659829,43.9548534],[125.4645235,43.9538867],[125.4630642,43.95292],[125.4616048,43.9519534],[125.4601455,43.9509867],[125.4586861,43.95002],[125.4572267,43.9490534],[125.4557674,43.9480867],[125.454308,43.94712],[125.4528487,43.9461533],[125.4513893,43.9451867],[125.4499299,43.94422],[125.4484706,43.9432533],[125.4470112,43.9422867],[125.4455519,43.94132],[125.4440925,43.9403533],[125.4426331,43.9393867],[125.4411738,43.93842],[125.4397144,43.9374533],[125.4382551,43.9364867],[125.4367957,43.93552],[125.4356679,43.9348534],[125.4343912,43.9342239],[125.4328563,43.9335635],[125.4313214,43.9329031],[125.4297866,43.9322427],[125.4282517,43.9315823],[125.4267168,43.9309219],[125.4251819,43.9302615],[125.4236471,43.9296011],[125.4221122,43.9289407],[125.4205773,43.9282803],[125.4193664,43.927599],[125.4181555,43.9269177],[125.4173409,43.9263186],[125.4165263,43.9257195],[125.4152615,43.9246798],[125.4139966,43.9236401],[125.4127318,43.9226003],[125.411467,43.9215606],[125.4102022,43.9205209],[125.4089373,43.9194812],[125.4076725,43.9184415],[125.4064077,43.9174017],[125.4051428,43.916362],[125.403878,43.9153223],[125.4026132,43.9142826],[125.4013484,43.9132428],[125.4000835,43.9122031],[125.3988187,43.9111634]]}},{"type":"Feature","properties":{"layer":"railway","name":"长春轨道交通4号线","detail_level":1},"geometry":{"type":"LineString","coordinates":[[125.3599372,43.7527684],[125.359909,43.7541811],[125.3598808,43.7555939],[125.3598526,43.7570066],[125.3598244,43.7584194],[125.3597961,43.7598321],[125.3597679,43.7612448],[125.3597397,43.7626576],[125.3597115,43.7640703],[125.3596833,43.7654831],[125.3596551,43.7668958],[125.3596269,43.7683085],[125.3595987,43.7697213],[125.3595705,43.771134],[125.3595422,43.7725467],[125.359514,43.7739595],[125.3594858,43.7753722],[125.3594576,43.776785],[125.3594294,43.7781977],[125.3594849,43.7793392],[125.3595405,43.7804808],[125.359596,43.7816223],[125.3595706,43.7829774],[125.3595452,43.7843325],[125.3595198,43.7856876],[125.3594944,43.7870427],[125.3596759,43.7881175],[125.3598574,43.7891923],[125.3598269,43.7904901],[125.3597963,43.7917878],[125.3597658,43.7930856],[125.3597353,43.7943833],[125.3597048,43.7956811],[125.3596742,43.7969788],[125.3596437,43.7982766],[125.3594622,43.7991313],[125.3592807,43.799986],[125.3592525,43.8014107],[125.3592244,43.8028354],[125.3591962,43.8042602],[125.3591681,43.8056849],[125.3591399,43.8071096],[125.3591118,43.8085343],[125.3590836,43.8099591],[125.3590554,43.8113838],[125.3590273,43.8128085],[125.3589991,43.8142332],[125.358971,43.815658],[125.3589428,43.8170827],[125.3589147,43.8185074],[125.3588865,43.8199321],[125.3588583,43.8213569],[125.3588302,43.8227816],[125.358802,43.8242063],[125.3587739,43.825631],[125.3587457,43.8270558],[125.3587176,43.8284805],[125.3586894,43.8299052]]}},{"type":"Feature","properties":{"layer":"railway","name":"长春轨道交通4号线","detail_level":1},"geometry":{"type":"LineString","coordinates":[[125.3598839,43.7527791],[125.3598566,43.7541729],[125.3598292,43.7555667],[125.3598019,43.7569605],[125.3597745,43.7583543],[125.3597472,43.7597482],[125.3597199,43.761142],[125.3596925,43.7625358],[125.3596652,43.7639296],[125.3596378,43.7653234],[125.3596105,43.7667172],[125.3595832,43.768111],[125.3595558,43.7695048],[125.3595285,43.7708986],[125.3595012,43.7722925],[125.3594738,43.7736863],[125.3594465,43.7750801],[125.3594191,43.7764739],[125.3593918,43.7778677],[125.3594452,43.7791616],[125.3594987,43.7804555],[125.3595521,43.7817494],[125.3595225,43.7830725],[125.3594929,43.7843957],[125.3594632,43.7857189],[125.3594336,43.787042],[125.3596129,43.7881045],[125.3597921,43.789167],[125.3597883,43.7901943],[125.35976,43.7914651],[125.3597317,43.792736],[125.3597034,43.7940068],[125.3596751,43.7952776],[125.3596468,43.7965485],[125.3596185,43.7978193],[125.3594222,43.798885],[125.359226,43.7999506],[125.3591977,43.8013772],[125.3591694,43.8028039],[125.359141,43.8042305],[125.3591127,43.8056571],[125.3590844,43.8070838],[125.3590561,43.8085104],[125.3590278,43.809937],[125.3589994,43.8113637],[125.3589711,43.8127903],[125.3589428,43.8142169],[125.3589145,43.8156436],[125.3588862,43.8170702],[125.3588579,43.8184968],[125.3588295,43.8199235],[125.3588012,43.8213501],[125.3587729,43.8227767],[125.3587446,43.8242034],[125.3587163,43.82563],[125.3586879,43.8270566],[125.3586596,43.8284833],[125.3586313,43.8299099]]}},{"type":"Feature","properties":{"layer":"railway","name":"京哈线","detail_level":1},"geometry":{"type":"LineString","coordinates":[[125.2752994,43.8668607],[125.2761257,43.8680154],[125.2769521,43.86917],[125.2777784,43.8703247],[125.2786048,43.8714793],[125.2794311,43.872634],[125.2802575,43.8737886],[125.2810838,43.8749433],[125.2819102,43.8760979],[125.2827365,43.8772526],[125.2836367,43.8785352],[125.2845369,43.8798177],[125.2854371,43.8811003],[125.2863373,43.8823828],[125.2872375,43.8836654],[125.2881376,43.8849479],[125.2890378,43.8862305],[125.289938,43.8875131],[125.2908382,43.8887956],[125.2917384,43.8900782],[125.2926386,43.8913607],[125.2935388,43.8926433],[125.2939977,43.893371],[125.2943408,43.8941542],[125.2946838,43.8949374],[125.2950515,43.8962028],[125.2954192,43.8974682],[125.295787,43.8987337],[125.2961547,43.8999991],[125.2965224,43.9012645],[125.2969691,43.9024233],[125.2975343,43.9032741],[125.2980995,43.9041249],[125.298878,43.9051106],[125.2997483,43.9058965],[125.3008588,43.9066256],[125.3015204,43.9069491],[125.3027411,43.9073917],[125.3045081,43.9077601],[125.3062477,43.9079012],[125.3079873,43.9080424],[125.3097269,43.9081836],[125.3114666,43.9083247],[125.3132062,43.9084658],[125.3149458,43.908607],[125.3166504,43.9086315],[125.3183551,43.9086559],[125.3200597,43.9086804],[125.3217643,43.9087048],[125.3234335,43.9086648],[125.3251026,43.9086248],[125.3267718,43.9085848],[125.3285885,43.908598],[125.3304052,43.9086113],[125.3322218,43.9086245],[125.3340385,43.9086377],[125.3358552,43.908651],[125.3376718,43.9086642],[125.3394885,43.9086775],[125.3413052,43.9086907],[125.3425398,43.9087299],[125.3437745,43.908769],[125.3451451,43.9090227]]}},{"type":"Feature","properties":{"layer":"railway","name":"京哈线","detail_level":1},"geometry":{"type":"LineString","coordinates":[[125.2753714,43.8668339],[125.2761978,43.8679886],[125.2770242,43.8691433],[125.2778505,43.870298],[125.2786769,43.8714527],[125.2795033,43.8726074],[125.2803297,43.8737621],[125.281156,43.8749168],[125.2819824,43.8760715],[125.2828088,43.8772262],[125.2836663,43.8784461],[125.2845239,43.8796661],[125.2853814,43.880886],[125.286239,43.882106],[125.2870965,43.8833259],[125.2879541,43.8845459],[125.2888116,43.8857658],[125.2896691,43.8869857],[125.2905267,43.8882057],[125.2913842,43.8894256],[125.2922418,43.8906456],[125.2930993,43.8918655],[125.2939568,43.8930854],[125.2948144,43.8943054],[125.2956719,43.8955253],[125.2965295,43.8967453],[125.297387,43.8979652],[125.2982446,43.8991852],[125.2991021,43.9004051],[125.2997615,43.9011876],[125.300421,43.90197],[125.3010804,43.9025425],[125.3017397,43.903115],[125.3025221,43.9036476],[125.3038289,43.9044206],[125.3051358,43.9051935],[125.3064426,43.9059665],[125.3077494,43.9067395],[125.3090666,43.9073636],[125.3103166,43.907807],[125.3115724,43.9080342],[125.3128282,43.9082614],[125.3147188,43.9083492],[125.3167027,43.9083711],[125.3186867,43.908393],[125.3206706,43.9084149],[125.3226545,43.9084368],[125.3246384,43.9084587],[125.3266224,43.9084806],[125.3286063,43.9085026],[125.3305902,43.9085245],[125.3325742,43.9085464],[125.3345581,43.9085683],[125.336542,43.9085902],[125.3385259,43.9086121],[125.3405099,43.908634],[125.3424938,43.9086559],[125.3437846,43.9087202],[125.3451695,43.9089476]]}},{"type":"Feature","properties":{"layer":"railway","name":"长春轨道交通4号线","detail_level":1},"geometry":{"type":"LineString","coordinates":[[125.3586894,43.8299052],[125.3586599,43.8313406],[125.3586304,43.832776],[125.3586009,43.8342114],[125.3585714,43.8356468],[125.3585419,43.8370822],[125.3585124,43.8385176],[125.3584829,43.839953],[125.3584534,43.8413884],[125.3584238,43.8428238],[125.3583943,43.8442592],[125.3583648,43.8456946],[125.3583353,43.84713],[125.3583058,43.8485654],[125.3582763,43.8500008],[125.3582468,43.8514362],[125.3582173,43.8528716],[125.3581878,43.854307],[125.3581583,43.8557424],[125.3581288,43.8571778],[125.3580993,43.8586132],[125.3580698,43.8600486],[125.3580403,43.861484],[125.3580108,43.8629194],[125.3579813,43.8643548],[125.3579518,43.8657902],[125.3579222,43.8672256],[125.3578927,43.868661],[125.3578632,43.8700964],[125.3578337,43.8715318],[125.3578042,43.8729672],[125.3577747,43.8744026],[125.3577452,43.875838],[125.3577157,43.8772734],[125.3576862,43.8787088],[125.3576314,43.8800557],[125.3575767,43.8814026],[125.357522,43.8827494],[125.3574672,43.8840963],[125.3575774,43.8847353],[125.3578505,43.8852196],[125.3589224,43.8863196],[125.3595563,43.8874443],[125.35953,43.888655],[125.3595037,43.8898657],[125.3594775,43.8910764],[125.3594512,43.8922871],[125.3592769,43.8928656],[125.3590205,43.8933242],[125.3584438,43.8938865],[125.3573525,43.8944404],[125.3568521,43.8946034],[125.3555356,43.8948808],[125.3542191,43.8951582],[125.3530092,43.8956796],[125.3523912,43.8960989],[125.3513529,43.8970923],[125.3503145,43.8980857],[125.3492762,43.8990791]]}},{"type":"Feature","properties":{"layer":"railway","name":"长春轨道交通4号线","detail_level":1},"geometry":{"type":"LineString","coordinates":[[125.3586313,43.8299099],[125.3586021,43.831345],[125.3585729,43.8327802],[125.3585438,43.8342153],[125.3585146,43.8356504],[125.3584854,43.8370856],[125.3584562,43.8385207],[125.358427,43.8399558],[125.3583979,43.841391],[125.3583687,43.8428261],[125.3583395,43.8442613],[125.3583103,43.8456964],[125.3582811,43.8471315],[125.358252,43.8485667],[125.3582228,43.8500018],[125.3581936,43.8514369],[125.3581644,43.8528721],[125.3581353,43.8543072],[125.3581061,43.8557423],[125.3580769,43.8571775],[125.3580477,43.8586126],[125.3580185,43.8600477],[125.3579894,43.8614829],[125.3579602,43.862918],[125.357931,43.8643531],[125.3579018,43.8657883],[125.3578726,43.8672234],[125.3578435,43.8686586],[125.3578143,43.8700937],[125.3577851,43.8715288],[125.3577559,43.872964],[125.3577267,43.8743991],[125.3576976,43.8758342],[125.3576684,43.8772694],[125.3576392,43.8787045],[125.3575799,43.8800531],[125.3575206,43.8814018],[125.3574614,43.8827505],[125.3574021,43.8840991],[125.3576191,43.884944],[125.3583286,43.8857408],[125.3590381,43.8865376],[125.359512,43.8874561],[125.3594834,43.8886651],[125.3594548,43.889874],[125.3594263,43.8910829],[125.3593977,43.8922919],[125.3591407,43.8930587],[125.3588917,43.8934043],[125.3584504,43.8938275],[125.3579758,43.8941355],[125.3568074,43.8945789],[125.3555235,43.8948415],[125.3542397,43.8951042],[125.353084,43.8955854],[125.3521962,43.8962332],[125.3512029,43.8971805],[125.3502095,43.8981277],[125.3492162,43.899075]]}},{"type":"Feature","properties":{"layer":"railway","name":"长珲城际线","detail_level":1},"geometry":{"type":"LineString","coordinates":[[125.3352207,43.9094985],[125.3370438,43.9095193],[125.3388669,43.9095401],[125.34069,43.9095609],[125.3422542,43.9094606],[125.3438184,43.9093603],[125.3451682,43.9091582],[125.3465179,43.9089561],[125.3482852,43.9086014],[125.3500524,43.9082467],[125.3518197,43.907892],[125.3535869,43.9075373],[125.3553542,43.9071826],[125.3567567,43.9069644],[125.3583941,43.9068055],[125.3600315,43.9066466],[125.3614978,43.9066241],[125.362964,43.9066017],[125.3644303,43.9065792],[125.3662382,43.9065931],[125.368046,43.906607],[125.3698539,43.9066209],[125.3716617,43.9066349],[125.3734696,43.9066488],[125.3752775,43.9066627],[125.3770853,43.9066766],[125.3788932,43.9066905],[125.3802155,43.9067323],[125.3815378,43.906774],[125.3828726,43.9068897],[125.3842075,43.9070054],[125.3855423,43.9071211],[125.3869815,43.9073457],[125.3884206,43.9075702],[125.3898598,43.9077948],[125.3911303,43.9080887],[125.3924007,43.9083825],[125.3936712,43.9086764],[125.3953754,43.9091459],[125.3970795,43.9096155],[125.3987837,43.910085],[125.4004879,43.9105546],[125.4021921,43.9110241],[125.4038962,43.9114937],[125.4056004,43.9119632],[125.4073046,43.9124328],[125.4090088,43.9129023],[125.4107129,43.9133719],[125.4124171,43.9138414],[125.4138705,43.9142964],[125.4153239,43.9147514],[125.4167773,43.9152065],[125.4182307,43.9156615],[125.4199001,43.9162163],[125.4215695,43.9167712],[125.4232389,43.917326],[125.4249083,43.9178808],[125.4265777,43.9184356],[125.4282471,43.9189904],[125.4299165,43.9195453],[125.4315859,43.9201001]]}},{"type":"Feature","properties":{"layer":"waterway","name":null,"detail_level":1},"geometry":{"type":"LineString","coordinates":[[125.4917479,43.9371202],[125.4917479,43.9384586],[125.4917479,43.939797],[125.4923042,43.9411335],[125.4928606,43.9424701],[125.4934169,43.9438066],[125.4936546,43.9447862],[125.4938924,43.9457657],[125.4941301,43.9467453],[125.4941452,43.9473352],[125.4944133,43.9487116],[125.4946813,43.9500879],[125.4949494,43.9514643],[125.4954501,43.9523273],[125.4952984,43.9533978],[125.4949722,43.9546703],[125.494646,43.9559428],[125.4941149,43.9571388],[125.4935838,43.9583348],[125.4934018,43.9593396],[125.4922133,43.9602242],[125.4910247,43.9611089],[125.4898362,43.9619935],[125.4886476,43.9628781],[125.487459,43.9637628],[125.4862705,43.9646474],[125.4861795,43.9659797],[125.4864374,43.9666568],[125.4864172,43.9678617],[125.4863969,43.9690665],[125.4863767,43.9702714],[125.4864526,43.9709048],[125.4854664,43.9717893],[125.4852843,43.9727666],[125.4851022,43.9737438],[125.4852843,43.9742352],[125.4867029,43.9752343],[125.4881216,43.9762334],[125.488243,43.977358],[125.4880053,43.978599],[125.4877676,43.9798401],[125.4875299,43.9810811],[125.4865892,43.9818236],[125.4860733,43.9819873],[125.4844953,43.9819272],[125.4829173,43.9818672],[125.4824773,43.9822057],[125.4816732,43.9833056],[125.480869,43.9844056],[125.4800648,43.9855055],[125.4792607,43.9866054],[125.4792455,43.987577],[125.4795945,43.9883903],[125.4799434,43.9892035],[125.4802924,43.9905026],[125.4802924,43.9909392],[125.4805807,43.9918962],[125.480869,43.9928531],[125.4811573,43.9938101],[125.4816125,43.9950435],[125.4822118,43.9958458],[125.4828111,43.9966481],[125.4832208,43.9974885],[125.4831525,43.998258],[125.4830842,43.9990275],[125.4833301,44.0000432],[125.4835759,44.001059]]}},{"type":"Feature","properties":{"layer":"railway","name":"长春轨道交通8号线","detail_level":1},"geometry":{"type":"LineString","coordinates":[[125.3484412,43.9739154],[125.3501598,43.9739171],[125.3518784,43.9739189],[125.353597,43.9739206],[125.3553155,43.9739224],[125.3570341,43.9739241],[125.3587527,43.9739259],[125.3604713,43.9739276],[125.361842,43.9738746],[125.3632126,43.9738217],[125.3645833,43.9737687],[125.3663037,43.9737693],[125.3680241,43.9737699],[125.3697446,43.9737704],[125.371465,43.973771],[125.3731854,43.9737716],[125.3747542,43.9739939],[125.3759403,43.9744577],[125.3764112,43.9747305],[125.3771676,43.9753714],[125.3778157,43.9763456],[125.3779664,43.9769242],[125.377969,43.9782725],[125.3779717,43.9796208],[125.3779743,43.9809692],[125.3779769,43.9823175],[125.3779795,43.9836658],[125.3779822,43.9850141],[125.3779848,43.9863624],[125.3779874,43.9877107],[125.37799,43.9890591],[125.3779927,43.9904074],[125.3779953,43.9917557],[125.3780365,43.9930734],[125.3780777,43.9943911],[125.3783352,43.9949159],[125.3786571,43.9951822],[125.3792096,43.9954253],[125.3798614,43.9955397],[125.3817657,43.9955412],[125.38367,43.9955426],[125.3855744,43.9955441],[125.3874787,43.9955455],[125.389383,43.995547],[125.3912873,43.9955485],[125.3931916,43.9955499],[125.395096,43.9955514],[125.3970003,43.9955528],[125.3989046,43.9955543],[125.3996868,43.9956366],[125.4004396,43.9958365],[125.4011999,43.9962065],[125.401762,43.9966052],[125.4026903,43.9976219],[125.4036185,43.9986385],[125.4045468,43.9996551],[125.4054751,44.0006718],[125.4064033,44.0016885],[125.4073316,44.0027051],[125.4081568,44.0033724],[125.4089971,44.0039401],[125.4098373,44.0045078],[125.4107077,44.0056912],[125.4115781,44.0068746]]}},{"type":"Feature","properties":{"layer":"railway","name":"长春轨道交通8号线","detail_level":1},"geometry":{"type":"LineString","coordinates":[[125.4114208,44.0069311],[125.4104992,44.0056953],[125.4095776,44.0044594],[125.4084251,44.0035938],[125.4072726,44.0027282],[125.4063494,44.0017102],[125.4054263,44.0006923],[125.4045031,43.9996743],[125.4035799,43.9986563],[125.4026568,43.9976384],[125.4017336,43.9966204],[125.4011744,43.9962283],[125.400417,43.9958566],[125.3996809,43.9956631],[125.3989023,43.9955816],[125.3969971,43.9955791],[125.3950919,43.9955766],[125.3931867,43.995574],[125.3912815,43.9955715],[125.3893762,43.995569],[125.387471,43.9955665],[125.3855658,43.995564],[125.3836606,43.9955614],[125.3817554,43.9955589],[125.3798502,43.9955564],[125.379147,43.9954627],[125.3786232,43.9952277],[125.3782781,43.9949484],[125.378001,43.9944083],[125.3779387,43.99372],[125.3779338,43.99232],[125.3779289,43.9909199],[125.3779239,43.9895199],[125.377919,43.9881198],[125.3779141,43.9867198],[125.3779091,43.9853198],[125.3779042,43.9839197],[125.3778993,43.9825197],[125.3778944,43.9811196],[125.3778894,43.9797196],[125.3778845,43.9783195],[125.3778796,43.9769195],[125.3776037,43.9761336],[125.3771255,43.9754119],[125.3767965,43.9750885],[125.3758246,43.9744625],[125.3746505,43.9740149],[125.373463,43.9738453],[125.3726604,43.9738132],[125.3709443,43.9738159],[125.3692283,43.9738186],[125.3675122,43.9738214],[125.3657962,43.9738241],[125.3640801,43.9738268],[125.3622726,43.9738993],[125.360465,43.9739719],[125.3587468,43.9739693],[125.3570287,43.9739668],[125.3553105,43.9739642],[125.3535924,43.9739617],[125.3518742,43.9739591],[125.3501561,43.9739566],[125.3484379,43.973954]]}},{"type":"Feature","properties":{"layer":"railway","name":"长双烟线","detail_level":1},"geometry":{"type":"LineString","coordinates":[[125.5642489,43.7711132],[125.5641751,43.770084],[125.5641013,43.7690547],[125.5640763,43.7676864],[125.5640513,43.7663181],[125.5640263,43.7649498],[125.5640013,43.7635815],[125.5639763,43.7622132],[125.5639513,43.7608449],[125.5639263,43.7594766],[125.5637562,43.7584341],[125.563416,43.7573319],[125.5629365,43.7562484],[125.562457,43.7551649],[125.5619775,43.7540814],[125.5617831,43.7533407],[125.5617053,43.7523859],[125.5617563,43.7513584],[125.561975,43.7506264],[125.5621936,43.7498945],[125.5628545,43.7488027],[125.5635155,43.7477108],[125.5641765,43.7466189],[125.5648374,43.7455271],[125.5650366,43.7447916],[125.5652359,43.7440561],[125.5652155,43.7428693],[125.5651951,43.7416826],[125.5651747,43.7404958],[125.5651543,43.7393091],[125.5651339,43.7381223],[125.5650391,43.7368073],[125.5649443,43.7354923],[125.5647597,43.7345653],[125.5644778,43.7337822],[125.5639238,43.73253],[125.5633697,43.7312778],[125.5628157,43.7300256],[125.5622617,43.7287734],[125.5617077,43.7275212],[125.5611536,43.726269],[125.5605996,43.7250168],[125.5600845,43.7240966],[125.5595693,43.7231764],[125.5587893,43.7219093],[125.5580093,43.7206422],[125.5572293,43.7193752],[125.5564493,43.7181081],[125.5560338,43.7172633],[125.5556183,43.7164186],[125.5553899,43.7154843],[125.5551614,43.7145499],[125.55498,43.7132572],[125.5547985,43.7119644],[125.5546171,43.7106717],[125.5544357,43.709379],[125.5542542,43.7080862],[125.5540728,43.7067935],[125.5540665,43.7054773],[125.5540601,43.7041611],[125.5540538,43.7028449]]}},{"type":"Feature","properties":{"layer":"railway","name":"长双烟线","detail_level":1},"geometry":{"type":"LineString","coordinates":[[125.562669,43.6821962],[125.5631321,43.6814065],[125.5635951,43.6806168],[125.5639738,43.6793085],[125.5643525,43.6780001],[125.5647312,43.6766918],[125.5651099,43.6753834],[125.5654886,43.6740751],[125.5658673,43.6727668],[125.5662461,43.6714584],[125.5666248,43.6701501],[125.5670035,43.6688417],[125.5673822,43.6675334],[125.5677609,43.666225],[125.5681396,43.6649167],[125.5685396,43.6636115],[125.5689396,43.6623063],[125.5693397,43.661001],[125.5697397,43.6596958],[125.5701397,43.6583906],[125.57082,43.6571836],[125.5715003,43.6559765],[125.5721806,43.6547695],[125.5728609,43.6535624],[125.5735413,43.6523554],[125.5742216,43.6511483],[125.5749019,43.6499413],[125.5755822,43.6487342],[125.5762625,43.6475272],[125.5769803,43.6463259],[125.577698,43.6451245],[125.5784158,43.6439232],[125.5791336,43.6427219],[125.5798513,43.6415205],[125.5805691,43.6403192],[125.5815931,43.6391335],[125.5826171,43.6379479],[125.5836411,43.6367622],[125.5843091,43.6356131],[125.584818,43.6343628],[125.585327,43.6331124],[125.5858359,43.6318621],[125.5865048,43.6307538],[125.5871737,43.6296455],[125.5883217,43.6285195],[125.5893581,43.6276435],[125.5903945,43.6267675],[125.5914309,43.6258914],[125.5924673,43.6250154],[125.5935037,43.6241394],[125.594657,43.6229918],[125.5958103,43.6218442],[125.5969637,43.6206966],[125.598117,43.619549]]}},{"type":"Feature","properties":{"layer":"waterway","name":"伊通河","detail_level":1},"geometry":{"type":"LineString","coordinates":[[125.3563498,43.9362781],[125.3567368,43.9370681],[125.3571237,43.9378581],[125.3578896,43.9389142],[125.3586554,43.9399702],[125.3590181,43.941131],[125.3593809,43.9422919],[125.3590262,43.9434528],[125.3586165,43.9443493],[125.3578425,43.94527],[125.3570685,43.9461906],[125.3562945,43.9471113],[125.3557207,43.9479831],[125.355147,43.9488549],[125.3545732,43.9497267],[125.3540055,43.9509344],[125.3537566,43.9516546],[125.3535077,43.9523747],[125.3534683,43.953134],[125.3534289,43.9538932],[125.3536603,43.9552198],[125.3538801,43.9560349],[125.3540998,43.95685],[125.3545255,43.9579078],[125.3549512,43.9589655],[125.3551423,43.9597769],[125.3553334,43.9605884],[125.3552888,43.9617394],[125.3549787,43.9628169],[125.3545261,43.9633936],[125.3539299,43.9638178],[125.3524984,43.9642251],[125.3510669,43.9646325],[125.3496354,43.9650398],[125.3483643,43.9654914],[125.3473472,43.9660164],[125.3465939,43.9666408],[125.345878,43.9674573],[125.3451077,43.9686448],[125.3447368,43.9699136],[125.344366,43.9711824],[125.3439951,43.9724512],[125.3438634,43.9736331],[125.3451825,43.974671],[125.3458696,43.9757111],[125.3465567,43.9767511],[125.3469317,43.977719],[125.3469699,43.978632],[125.3467896,43.9799403],[125.3464111,43.9808239],[125.3460326,43.9817074],[125.3455376,43.9824424],[125.3450425,43.9831774],[125.3443214,43.9837979],[125.3436002,43.9844185],[125.3423418,43.9850531],[125.3410834,43.9856878],[125.339825,43.9863224],[125.3392139,43.9868561],[125.3388059,43.9870408],[125.3381051,43.9871617],[125.3368395,43.9870308],[125.3361991,43.9870498],[125.3345126,43.9874182],[125.3328261,43.9877866],[125.3311396,43.988155],[125.3294531,43.9885234],[125.3277666,43.9888918]]}},{"type":"Feature","properties":{"layer":"railway","name":"京哈线","detail_level":1},"geometry":{"type":"LineString","coordinates":[[125.15,43.771076],[125.1511953,43.7721498],[125.1523907,43.7732235],[125.153586,43.7742973],[125.1547814,43.775371],[125.1559767,43.7764448],[125.1571721,43.7775185],[125.1583674,43.7785923],[125.1595628,43.779666],[125.1607581,43.7807398],[125.1619535,43.7818135],[125.1631488,43.7828873],[125.1642936,43.7838681],[125.1654384,43.7848489],[125.1665832,43.7858297],[125.1678553,43.7867568],[125.1691274,43.7876839],[125.1703995,43.7886109],[125.1716717,43.789538],[125.1729438,43.7904651],[125.1742159,43.7913922],[125.1754865,43.7923505],[125.1767571,43.7933088],[125.1780277,43.7942671],[125.1792982,43.7952253],[125.1805688,43.7961836],[125.1818394,43.7971419],[125.18311,43.7981002],[125.184403,43.7990291],[125.185696,43.799958],[125.186989,43.8008869],[125.1882821,43.8018159],[125.1895751,43.8027448],[125.1908681,43.8036737],[125.1921611,43.8046026],[125.1935172,43.8056156],[125.1948734,43.8066287],[125.1962295,43.8076417],[125.1975856,43.8086548],[125.1989417,43.8096678],[125.2002979,43.8106809],[125.201654,43.8116939],[125.2030101,43.812707],[125.2043662,43.81372],[125.2057224,43.8147331],[125.2070785,43.8157461],[125.2081663,43.8166172],[125.2092541,43.8174884],[125.2103419,43.8183595],[125.2114297,43.8192307],[125.2125175,43.8201018]]}},{"type":"Feature","properties":{"layer":"railway","name":"京哈线","detail_level":1},"geometry":{"type":"LineString","coordinates":[[125.15,43.7711878],[125.1511851,43.772255],[125.1523701,43.7733222],[125.1535552,43.7743895],[125.1547402,43.7754567],[125.1559253,43.7765239],[125.1571103,43.7775911],[125.1582954,43.7786583],[125.1594804,43.7797255],[125.1606655,43.7807928],[125.1618505,43.78186],[125.1630356,43.7829272],[125.1640822,43.7838073],[125.1651287,43.7846873],[125.1661753,43.7855674],[125.167505,43.7865455],[125.1688347,43.7875237],[125.1701645,43.7885018],[125.1714942,43.7894799],[125.1728239,43.7904581],[125.1741536,43.7914362],[125.1754242,43.7923945],[125.1766948,43.7933528],[125.1779654,43.7943111],[125.179236,43.7952694],[125.1805066,43.7962277],[125.1817772,43.797186],[125.1830478,43.7981443],[125.1843408,43.7990732],[125.1856338,43.8000021],[125.1869268,43.800931],[125.1882197,43.8018598],[125.1895127,43.8027887],[125.1908057,43.8037176],[125.1920987,43.8046465],[125.1934488,43.8056547],[125.1947988,43.8066629],[125.1961489,43.8076711],[125.197499,43.8086793],[125.198849,43.8096875],[125.2001991,43.8106958],[125.2015491,43.811704],[125.2028992,43.8127122],[125.2042493,43.8137204],[125.2055993,43.8147286],[125.2069494,43.8157368],[125.2080504,43.8166185],[125.2091513,43.8175001],[125.2102523,43.8183818],[125.2113532,43.8192634],[125.2124542,43.8201451]]}},{"type":"Feature","properties":{"layer":"waterway","name":"伊通河","detail_level":1},"geometry":{"type":"LineString","coordinates":[[125.3322897,43.7868517],[125.3324014,43.7870126],[125.3322793,43.7873987],[125.3316386,43.7881082],[125.33088,43.7883602],[125.3303186,43.7893131],[125.3308952,43.7905836],[125.3312806,43.7918554],[125.3316659,43.7931273],[125.3315525,43.7939215],[125.3314391,43.7947157],[125.331783,43.7956168],[125.3316377,43.7969556],[125.3316736,43.797493],[125.3318242,43.7978991],[125.3322699,43.7984825],[125.3330497,43.7990496],[125.333998,43.7994417],[125.3345382,43.7997968],[125.3350005,43.8003256],[125.3353255,43.8009116],[125.3354167,43.8012837],[125.3354005,43.8026204],[125.3355229,43.8037366],[125.3358529,43.8046208],[125.3361829,43.8055051],[125.3370098,43.8064231],[125.3378368,43.807341],[125.3386637,43.808259],[125.3399002,43.8092226],[125.3411368,43.8101861],[125.3417605,43.8110359],[125.3415973,43.8122594],[125.3414341,43.8134828],[125.3415398,43.8147202],[125.3416455,43.8159576],[125.3414997,43.8168259],[125.3413538,43.8176941],[125.3412752,43.8187265],[125.3411966,43.819759],[125.3414198,43.8209351],[125.3417654,43.8218423],[125.3421111,43.8227496],[125.3426862,43.8236577],[125.3432613,43.8245657],[125.3438364,43.8254738],[125.3447131,43.8262663],[125.3455898,43.8270589],[125.3464665,43.8278514],[125.3474097,43.8285447],[125.3483528,43.829238],[125.3496588,43.8300764],[125.350137,43.8311606],[125.3506152,43.8322448],[125.3510933,43.833329],[125.3515715,43.8344132],[125.3513085,43.8351711],[125.3510454,43.835929],[125.3501828,43.8365336],[125.3493202,43.8371382],[125.3485589,43.8377904],[125.3482482,43.8386951],[125.3487075,43.8399114],[125.3493363,43.8404838],[125.3499651,43.8410561],[125.3507659,43.8421686],[125.3515666,43.8432811],[125.3523674,43.8443936]]}},{"type":"Feature","properties":{"layer":"railway","name":"长珲城际线","detail_level":1},"geometry":{"type":"LineString","coordinates":[[125.3464907,43.9088464],[125.3482269,43.9084938],[125.349963,43.9081412],[125.3516992,43.9077886],[125.3534353,43.907436],[125.3551715,43.9070834],[125.3561745,43.9069443],[125.3571775,43.9068052],[125.3590094,43.9066529],[125.3608413,43.9065005],[125.3628019,43.9065147],[125.3647626,43.9065288],[125.3667232,43.906543],[125.3686838,43.9065571],[125.3706445,43.9065713],[125.3726051,43.9065854],[125.3745657,43.9065996],[125.3765264,43.9066137],[125.378487,43.9066279],[125.3798782,43.9066807],[125.3812695,43.9067335],[125.3826607,43.9067863],[125.3845448,43.9069783],[125.386429,43.9071703],[125.3881597,43.9074568],[125.3898905,43.9077433],[125.3911637,43.9080407],[125.3924368,43.9083382],[125.39371,43.9086356],[125.3955471,43.9091366],[125.3973842,43.9096375],[125.3992212,43.9101385],[125.4010583,43.9106394],[125.4028954,43.9111404],[125.4047325,43.9116413],[125.4065695,43.9121423],[125.4084066,43.9126432],[125.4102437,43.9131442],[125.4117156,43.9135825],[125.4131876,43.9140208],[125.4146596,43.9144591],[125.4161315,43.9148974],[125.4178511,43.9154716],[125.4195707,43.9160458],[125.4212904,43.9166201],[125.42301,43.9171943],[125.4247296,43.9177685],[125.4264492,43.9183427],[125.4281689,43.918917],[125.4298885,43.9194912],[125.4316081,43.9200654]]}},{"type":"Feature","properties":{"layer":"railway","name":null,"detail_level":1},"geometry":{"type":"LineString","coordinates":[[125.2157677,43.7357297],[125.2150207,43.73706],[125.2142737,43.7383903],[125.2135267,43.7397206],[125.2127797,43.7410509],[125.2120327,43.7423813],[125.2112857,43.7437116],[125.2105387,43.7450419],[125.2097917,43.7463722],[125.2090447,43.7477025],[125.2084017,43.7487626],[125.207791,43.7494379],[125.2072653,43.7498154],[125.2062839,43.7503016],[125.2053024,43.7507878],[125.2040717,43.7514726],[125.2028411,43.7521574],[125.2016104,43.7528422],[125.2005978,43.7537015],[125.1995852,43.7545608],[125.1985725,43.75542],[125.1975599,43.7562793],[125.1968459,43.7569992],[125.1956344,43.7580797],[125.1944229,43.7591602],[125.1932114,43.7602406],[125.1919999,43.7613211],[125.1907884,43.7624016],[125.189557,43.7634742],[125.1883256,43.7645469],[125.1870942,43.7656195],[125.1858628,43.7666921],[125.1846313,43.7677648],[125.1833999,43.7688374],[125.1821685,43.76991],[125.1809371,43.7709827],[125.1797057,43.7720553],[125.1784743,43.7731279],[125.1772429,43.7742005],[125.1760115,43.7752732],[125.1747801,43.7763458],[125.1735487,43.7774184],[125.1723172,43.7784911],[125.1710858,43.7795637],[125.1698544,43.7806363],[125.168623,43.781709],[125.1673916,43.7827816],[125.1669437,43.7830488],[125.1660344,43.7833277],[125.1656321,43.7833799],[125.164645,43.7833432],[125.1634569,43.7829365],[125.1623053,43.7821166]]}},{"type":"Feature","properties":{"layer":"waterway","name":null,"detail_level":1},"geometry":{"type":"LineString","coordinates":[[125.3299267,43.7883933],[125.3301749,43.7881695],[125.3311738,43.7878992],[125.3316475,43.7874202],[125.3317969,43.7870797],[125.3317059,43.7869077],[125.3313369,43.7867122],[125.3313042,43.786579],[125.3314764,43.7857719],[125.3319114,43.7850969],[125.3319358,43.7842252],[125.3321716,43.7828692],[125.3321187,43.7820502],[125.3325576,43.7812874],[125.3326276,43.7813127],[125.3329172,43.7808777],[125.3328471,43.7808524],[125.3329616,43.7804343],[125.3326879,43.7791997],[125.3327522,43.7785807],[125.3329405,43.7781772],[125.3341231,43.7776929],[125.334688,43.777319],[125.3339819,43.7770131],[125.3335112,43.7771873],[125.3338525,43.7763674],[125.3338937,43.7755644],[125.3336113,43.7742445],[125.3333288,43.7729246],[125.3330464,43.7716047],[125.3325876,43.7704271],[125.3321288,43.7692495],[125.3316699,43.7680718],[125.3312111,43.7668942],[125.3308698,43.7657682],[125.3307639,43.7646039],[125.3308483,43.7646039],[125.3308581,43.7642188],[125.3307805,43.7641221],[125.3307613,43.7631095],[125.3307421,43.7620968],[125.3316958,43.762569],[125.3326496,43.7630413],[125.3326897,43.7633691],[125.3331409,43.7637317],[125.3330655,43.7646023],[125.3331315,43.7646037],[125.3332662,43.7654112],[125.333401,43.7662188],[125.3336883,43.7665556],[125.3341288,43.7674678],[125.3344744,43.7677702],[125.3345923,43.7680961],[125.335133,43.7685658],[125.3354339,43.7691765],[125.3356677,43.7700205],[125.3359014,43.7708645],[125.336339,43.772008],[125.3367766,43.7731516],[125.3372143,43.7742951],[125.3376519,43.7754387],[125.3380895,43.7765822],[125.3382712,43.7779454],[125.3380663,43.7790031],[125.3377692,43.779506],[125.3369978,43.7801188],[125.3360921,43.7805531],[125.3350141,43.781329],[125.3347909,43.7815364],[125.3340352,43.7826784],[125.3332674,43.7831325],[125.3329724,43.7834021],[125.3328168,43.7839753],[125.3329563,43.7849474],[125.3332889,43.7856716],[125.3333136,43.7860221],[125.3327388,43.7869529],[125.3321639,43.7878837],[125.3316405,43.7883992],[125.3313734,43.7888224],[125.3299267,43.7883933]]}},{"type":"Feature","properties":{"layer":"railway","name":"长图线","detail_level":1},"geometry":{"type":"LineString","coordinates":[[125.4152446,43.9273958],[125.4161428,43.9273],[125.4173807,43.9273607],[125.4182934,43.9275502],[125.4192072,43.9278535],[125.4204575,43.9283339],[125.4217077,43.9288142],[125.4232889,43.9294943],[125.42487,43.9301745],[125.4264512,43.9308547],[125.4280323,43.9315348],[125.4296135,43.9322149],[125.4311947,43.9328951],[125.4327758,43.9335752],[125.434357,43.9342554],[125.4352967,43.9347435],[125.4362364,43.9352316],[125.4376588,43.9361731],[125.4390812,43.9371145],[125.4405036,43.938056],[125.441926,43.9389975],[125.4433485,43.9399389],[125.4447709,43.9408804],[125.4461933,43.9418219],[125.4476157,43.9427633],[125.4490381,43.9437048],[125.4504605,43.9446463],[125.4518829,43.9455877],[125.4533053,43.9465292],[125.4547277,43.9474706],[125.4561502,43.9484121],[125.4575726,43.9493536],[125.458995,43.950295],[125.4604174,43.9512365],[125.4618398,43.952178],[125.4632622,43.9531194],[125.4646846,43.9540609],[125.466107,43.9550024],[125.4675295,43.9559438],[125.4689519,43.9568853],[125.4703743,43.9578268],[125.4717967,43.9587682],[125.4732191,43.9597097],[125.4739256,43.9602745],[125.4746322,43.9608392],[125.4756129,43.9617274],[125.4765935,43.9626157],[125.4775741,43.963504],[125.4785548,43.9643922]]}},{"type":"Feature","properties":{"layer":"waterway","name":null,"detail_level":1},"geometry":{"type":"LineString","coordinates":[[125.4069817,43.7383532],[125.4067578,43.7384644],[125.4069257,43.7387576],[125.4064639,43.739152],[125.4056523,43.7393744],[125.4046377,43.7395261],[125.4036231,43.7396777],[125.4032173,43.7398395],[125.4027555,43.7398395],[125.4021398,43.739617],[125.401552,43.7398294],[125.4010203,43.7398496],[125.4001107,43.7406786],[125.399411,43.7409819],[125.3988512,43.7410224],[125.3977946,43.7417503],[125.3967381,43.7424782],[125.3961224,43.7433174],[125.3961504,43.7438228],[125.3960104,43.7447428],[125.3955346,43.7456931],[125.3950588,43.7463603],[125.3937714,43.7462896],[125.3924839,43.7462188],[125.3914483,43.7464918],[125.3904128,43.7467647],[125.3895732,43.7468658],[125.3882998,43.7472399],[125.387698,43.7475735],[125.3875301,43.7477554],[125.3874881,43.7484529],[125.3864945,43.7490898],[125.3861587,43.7495346],[125.3856689,43.7497064],[125.3844234,43.7495245],[125.3839896,43.7491707],[125.3838637,43.748362],[125.382996,43.7475431],[125.3822264,43.7462795],[125.3818485,43.7460368],[125.3814567,43.7459762],[125.3809809,43.7460773],[125.3799034,43.7465524],[125.3788398,43.7465625],[125.378448,43.7466232],[125.3777903,43.7469265],[125.3774125,43.7469063],[125.3769087,43.7467344],[125.3759011,43.7467445],[125.3756912,43.7466232],[125.3749775,43.7457942],[125.3744457,43.7456628],[125.3732003,43.7456729],[125.371605,43.7452685],[125.3707933,43.7446316],[125.3704994,43.7444901],[125.3687586,43.7441241],[125.3670177,43.7437581],[125.3652769,43.7433922],[125.363536,43.7430262],[125.3617952,43.7426602],[125.3613754,43.7427815],[125.3611235,43.7429837],[125.3611095,43.7433275],[125.3609835,43.7435701],[125.3606337,43.7436611],[125.3596121,43.7436813],[125.3592483,43.7436207],[125.3591783,43.7433376],[125.3592483,43.7421345],[125.3591503,43.7418514],[125.3573311,43.7412987],[125.3555119,43.740746],[125.3536926,43.7401933],[125.3518734,43.7396406],[125.3500542,43.7390879],[125.348235,43.7385352],[125.3476519,43.7385859]]}},{"type":"Feature","properties":{"layer":"railway","name":"京哈线","detail_level":1},"geometry":{"type":"LineString","coordinates":[[125.221391,43.8276204],[125.2222211,43.8284023],[125.2230513,43.8291843],[125.2238814,43.8299662],[125.2248701,43.8310078],[125.2258588,43.8320494],[125.2268475,43.8330909],[125.2278362,43.8341325],[125.2288249,43.8351741],[125.2298136,43.8362157],[125.23059,43.8368505],[125.2313664,43.8374854],[125.2326919,43.8384118],[125.2340175,43.8393382],[125.235343,43.8402646],[125.2363452,43.8408807],[125.2373473,43.8414969],[125.2389469,43.8422892],[125.2405465,43.8430814],[125.242146,43.8438737],[125.2437456,43.8446659],[125.2453452,43.8454582],[125.2469448,43.8462504],[125.2485444,43.8470427],[125.250144,43.8478349],[125.2517435,43.8486272],[125.2533431,43.8494194],[125.2549427,43.8502117],[125.255935,43.8507807],[125.2571398,43.8518542],[125.2583445,43.8529277],[125.2595493,43.8540012],[125.260754,43.8550747],[125.2619588,43.8561482],[125.2631712,43.857091],[125.2643836,43.8580338],[125.265596,43.8589766],[125.2668084,43.8599194],[125.2680207,43.8608621],[125.2692331,43.8618049],[125.2704455,43.8627477],[125.2716579,43.8636905],[125.2728703,43.8646333],[125.2739379,43.8655473],[125.2750055,43.8664614]]}},{"type":"Feature","properties":{"layer":"railway","name":"京哈线","detail_level":1},"geometry":{"type":"LineString","coordinates":[[125.2212321,43.8277658],[125.2220803,43.8285127],[125.2229284,43.8292595],[125.2237766,43.8300064],[125.2247721,43.8310474],[125.2257677,43.8320883],[125.2267632,43.8331292],[125.2277587,43.8341702],[125.2287543,43.8352112],[125.2297498,43.8362521],[125.2305089,43.8369127],[125.2312679,43.8375733],[125.2325416,43.8384465],[125.2338154,43.8393197],[125.2350891,43.8401928],[125.2363628,43.841066],[125.2378511,43.8418157],[125.2393395,43.8425655],[125.2408278,43.8433152],[125.2423161,43.8440649],[125.2438045,43.8448146],[125.2452928,43.8455644],[125.2467812,43.8463141],[125.2482695,43.8470638],[125.2497578,43.8478135],[125.2512462,43.8485633],[125.2527345,43.849313],[125.2538618,43.8499117],[125.2549892,43.8505105],[125.2561165,43.8511092],[125.2569723,43.8517773],[125.2582066,43.852879],[125.2594409,43.8539806],[125.2606751,43.8550823],[125.2619094,43.856184],[125.2631205,43.8571271],[125.2643316,43.8580702],[125.2655427,43.8590133],[125.2667538,43.8599564],[125.267965,43.8608995],[125.2691761,43.8618426],[125.2703872,43.8627857],[125.2715983,43.8637288],[125.2728094,43.8646719],[125.2738754,43.8655845],[125.2749414,43.8664972]]}},{"type":"Feature","properties":{"layer":"waterway","name":null,"detail_level":1},"geometry":{"type":"LineString","coordinates":[[125.1799049,43.6268727],[125.1796843,43.6276078],[125.1798521,43.6280243],[125.1804155,43.6283888],[125.1804035,43.6286317],[125.1800199,43.6287792],[125.1796603,43.6292738],[125.179013,43.6296642],[125.179049,43.6304538],[125.1787014,43.6309049],[125.178066,43.6312954],[125.17809,43.6317205],[125.1787133,43.6321109],[125.1785575,43.6322411],[125.1777664,43.6323625],[125.1776345,43.6325621],[125.1772988,43.6327964],[125.1769272,43.6328918],[125.1766515,43.6331868],[125.1766875,43.6333776],[125.1769752,43.6335772],[125.1770351,43.6337854],[125.1766755,43.635],[125.1768673,43.6352603],[125.1775146,43.6355553],[125.1777184,43.6357895],[125.1777903,43.6360932],[125.1776465,43.6368132],[125.1770252,43.6375636],[125.1774946,43.6382088],[125.177964,43.638854],[125.1787063,43.6396071],[125.1791284,43.6396492],[125.1792157,43.6398441],[125.17883,43.6403392],[125.179041,43.6408184],[125.1789392,43.6410975],[125.1784006,43.6415031],[125.178226,43.6418664],[125.1779567,43.642035],[125.1786262,43.6424352],[125.178699,43.6425774],[125.1785316,43.6429355],[125.1778912,43.6431304],[125.1778912,43.6434569],[125.1776219,43.6438887],[125.1774109,43.6440098],[125.1768142,43.6440309],[125.1765376,43.6441362],[125.1765376,43.6443363],[125.1769452,43.6446786],[125.1770834,43.6450315],[125.1769306,43.6458688],[125.1772508,43.6465112],[125.1772362,43.6467061],[125.1768433,43.6469588],[125.176916,43.6480436],[125.1760573,43.6485597],[125.1759409,43.6488651],[125.1757153,43.6489494],[125.1753587,43.6494917],[125.1747619,43.6496655],[125.1748493,43.6499709],[125.174791,43.6501973],[125.1746091,43.6503132],[125.1741142,43.6503869],[125.1734229,43.6501815],[125.1733065,43.6503079],[125.1733137,43.6505185],[125.1736485,43.6508713],[125.1725278,43.651361],[125.1721712,43.6517191],[125.1719238,43.6518507],[125.1716035,43.6522299],[125.1707157,43.652193],[125.1697114,43.6518823],[125.1689255,43.6523036],[125.1682341,43.652451],[125.1678994,43.6524457],[125.1672662,43.6522088],[125.1664439,43.6521087],[125.1660654,43.6522035],[125.1658398,43.6523826],[125.1653814,43.6524826],[125.1647264,43.6523983],[125.1639623,43.6521509],[125.1629653,43.6520508],[125.1624631,43.6516612],[125.1622084,43.6516243],[125.1618009,43.6518665],[125.161619,43.6518771],[125.1614807,43.6518191],[125.1614079,43.6516506],[125.1609349,43.6511925],[125.1598942,43.6508819],[125.1597487,43.6506344],[125.1595886,43.6505554],[125.1593266,43.6504869],[125.1591665,43.6505291],[125.1590137,43.6506554],[125.1588608,43.6512136],[125.158053,43.6515506],[125.1580021,43.6517138],[125.1573399,43.6522193],[125.1568959,43.6524036],[125.1569469,43.6527775],[125.1570342,43.6528828],[125.1574781,43.6530513],[125.1574854,43.6531829],[125.1569542,43.6534725],[125.1570924,43.6538937],[125.1570124,43.6540201],[125.1564593,43.6542623],[125.1564666,43.6546993],[125.1563356,43.6547783],[125.1555278,43.6549047],[125.155324,43.6556734],[125.1547491,43.6559998],[125.1543488,43.6564842],[125.1541596,43.656579],[125.154116,43.6570213],[125.1536939,43.6571529],[125.1537667,43.6574004],[125.1541887,43.657611],[125.1543634,43.6579163],[125.154247,43.6579953],[125.1536648,43.657969],[125.1528279,43.6578005],[125.1526678,43.6578479],[125.1524018,43.658108]]}},{"type":"Feature","properties":{"layer":"waterway","name":null,"detail_level":1},"geometry":{"type":"LineString","coordinates":[[125.5613681,44.0235513],[125.5616414,44.0228462],[125.5615932,44.0224879],[125.5612235,44.0219331],[125.5612395,44.0215516],[125.5622683,44.020465],[125.5632971,44.0193785],[125.5635704,44.0189392],[125.5633293,44.0184653],[125.5633293,44.0177948],[125.5636186,44.0169336],[125.563908,44.0160724],[125.5648082,44.016003],[125.5654512,44.0157834],[125.5653226,44.0155059],[125.5655074,44.0146735],[125.5656923,44.0138412],[125.5655637,44.0134829],[125.5655476,44.012743],[125.5659655,44.0120609],[125.5660941,44.0116563],[125.5660298,44.0113557],[125.565644,44.0107776],[125.5658852,44.010292],[125.5658691,44.0099336],[125.5652904,44.009055],[125.5652422,44.0085116],[125.5656762,44.0076329],[125.5661102,44.0067542],[125.5660941,44.0063958],[125.5659816,44.0062223],[125.5657083,44.0061414],[125.5647439,44.006338],[125.5642777,44.0063148],[125.5639883,44.0058061],[125.5640526,44.0053089],[125.5638758,44.0050892],[125.5632328,44.0047886],[125.5632167,44.0045805],[125.5636347,44.0043492],[125.5640848,44.0042336],[125.5641491,44.0040717],[125.5632007,44.0034705],[125.5631364,44.0031236],[125.563265,44.0026149],[125.5640205,44.0024645],[125.5643259,44.0015569],[125.5646313,44.0006492],[125.5650011,44.0002098],[125.5650171,43.9994813],[125.5642777,43.9989378],[125.5639562,43.9981515],[125.5635061,43.9974461],[125.5631444,43.9967002],[125.5627827,43.9959543],[125.562847,43.9957809],[125.5626461,43.9947169],[125.5624452,43.993653],[125.5624452,43.9931558],[125.5619629,43.9922306],[125.5611431,43.9915136],[125.5606448,43.9906635],[125.5601465,43.9898135],[125.5601143,43.9889924],[125.5599053,43.9879052],[125.5601625,43.9868257],[125.5604197,43.9857462],[125.5606769,43.9846667],[125.5609823,43.9841],[125.5611109,43.9836373],[125.5606608,43.9834523],[125.5597285,43.983406],[125.5584907,43.9827236],[125.5584371,43.9815168],[125.5583836,43.9803099],[125.55833,43.9791031],[125.558013,43.9778478]]}},{"type":"Feature","properties":{"layer":"waterway","name":null,"detail_level":1},"geometry":{"type":"LineString","coordinates":[[125.2805169,43.9611531],[125.2810373,43.961235],[125.281948,43.9617501],[125.2821594,43.9617149],[125.2823383,43.9615745],[125.282696,43.9615277],[125.2828586,43.9615745],[125.2831514,43.9619608],[125.2834441,43.9620427],[125.2840783,43.9620076],[125.2850703,43.962429],[125.2862574,43.9626514],[125.2874283,43.9631957],[125.2885991,43.9637399],[125.2889007,43.9640397],[125.2893309,43.9641613],[125.2908279,43.9648956],[125.2923249,43.9656299],[125.2938218,43.9663642],[125.2953188,43.9670985],[125.2968158,43.9678328],[125.297131,43.9678375],[125.2975183,43.9681304],[125.2979122,43.9681399],[125.2980764,43.9682108],[125.2983915,43.9684187],[125.2985162,43.9686171],[125.2999344,43.9693637],[125.3005121,43.9693212],[125.3010767,43.969411],[125.3012606,43.9696],[125.3011621,43.9700252],[125.3013131,43.970252],[125.3018186,43.9704363],[125.3021403,43.9708001],[125.3029755,43.9713556],[125.3039115,43.9722082],[125.3046672,43.9728221],[125.3051267,43.9730881],[125.3058098,43.9736906],[125.3062696,43.9739136],[125.3067893,43.9739639],[125.3073291,43.9738416],[125.3080787,43.9740215],[125.3089283,43.9744243],[125.3100305,43.9754663],[125.311637,43.9761434],[125.3121568,43.9771],[125.3125666,43.9775172],[125.3135761,43.9780711],[125.3141958,43.9787256],[125.3148455,43.9791571],[125.3163848,43.9796678],[125.3164847,43.9798404],[125.3164347,43.9801281],[125.3169845,43.9806172],[125.3176542,43.9807754],[125.3186037,43.980797],[125.3194135,43.9807846],[125.3202218,43.9806409],[125.3220921,43.9810616],[125.3227417,43.9810406],[125.3232663,43.9811881],[125.3237895,43.9815417],[125.3243395,43.9816567],[125.3254689,43.9821656],[125.3258468,43.9824246],[125.3260338,43.982455],[125.3263533,43.9828671],[125.3267185,43.9837284],[125.3270837,43.9845897],[125.3274153,43.9850018],[125.3278555,43.985171],[125.3280424,43.9851016],[125.3282655,43.9851233],[125.3285006,43.9852751],[125.3283439,43.9856959],[125.328461,43.9861289],[125.3281138,43.9875103],[125.3277666,43.9888918]]}},{"type":"Feature","properties":{"layer":"motorway","name":"长吉高速","detail_level":1,"route_related":false,"fragment":"a"},"geometry":{"type":"LineString","coordinates":[[125.4583632,43.8951962],[125.4597565,43.8956427],[125.4611499,43.8960891],[125.4625432,43.8965356],[125.4639667,43.8969553],[125.4653901,43.8973749],[125.4668136,43.8977946],[125.468237,43.8982143],[125.4696605,43.8986339],[125.471084,43.8990536],[125.4725074,43.8994733],[125.4739309,43.8998929],[125.4753543,43.9003126],[125.4767778,43.9007323],[125.4782012,43.9011519]]}},{"type":"Feature","properties":{"layer":"motorway","name":"长吉高速","detail_level":1,"route_related":false,"fragment":"b"},"geometry":{"type":"LineString","coordinates":[[125.4782012,43.9011519],[125.4796247,43.9015716],[125.4810482,43.9019913],[125.4824716,43.902411],[125.4838951,43.9028306],[125.4853185,43.9032503],[125.486742,43.90367],[125.4881655,43.9040896],[125.4895889,43.9045093],[125.4910124,43.904929],[125.4924358,43.9053486],[125.4938593,43.9057683],[125.4952255,43.9061492],[125.4965917,43.9065301],[125.497899,43.906855]]}},{"type":"Feature","properties":{"layer":"motorway","name":"长吉高速","detail_level":1,"route_related":false,"fragment":"a"},"geometry":{"type":"LineString","coordinates":[[125.497899,43.906855],[125.4992064,43.9071798],[125.5005137,43.9075047],[125.501898,43.9078048],[125.5032822,43.9081049],[125.5046665,43.908405],[125.5060417,43.9086407],[125.5074168,43.9088764],[125.508792,43.9091121],[125.5101672,43.9093478],[125.5113756,43.9095205],[125.5125841,43.9096933],[125.5139217,43.9098504],[125.5152593,43.9100074],[125.5165969,43.9101645]]}},{"type":"Feature","properties":{"layer":"motorway","name":"长吉高速","detail_level":1,"route_related":false,"fragment":"b"},"geometry":{"type":"LineString","coordinates":[[125.5165969,43.9101645],[125.5179344,43.9103216],[125.519272,43.9104787],[125.5206096,43.9106357],[125.5219472,43.9107928],[125.5232377,43.911],[125.5245281,43.9112073],[125.5258186,43.9114145],[125.5272277,43.9116969],[125.5286369,43.9119793],[125.530046,43.9122617],[125.5314552,43.9125441],[125.5326457,43.9128354],[125.5338361,43.9131268]]}},{"type":"Feature","properties":{"layer":"motorway","name":"长吉高速","detail_level":1,"route_related":false,"fragment":"a"},"geometry":{"type":"LineString","coordinates":[[125.5338361,43.9131268],[125.5350266,43.9134181],[125.536177,43.9137304],[125.5373273,43.9140426],[125.5384777,43.9143549],[125.5397988,43.9147606],[125.5411198,43.9151664],[125.5424409,43.9155721],[125.5438046,43.9160496],[125.5451684,43.9165271],[125.5465321,43.9170046],[125.5476799,43.9174598],[125.5488277,43.917915],[125.5499755,43.9183702],[125.5512039,43.9188842]]}},{"type":"Feature","properties":{"layer":"motorway","name":"长吉高速","detail_level":1,"route_related":false,"fragment":"b"},"geometry":{"type":"LineString","coordinates":[[125.5512039,43.9188842],[125.5524324,43.9193981],[125.5536608,43.9199121],[125.5548892,43.9204261],[125.5561177,43.92094],[125.5573461,43.921454],[125.5585745,43.921968],[125.5598029,43.922482],[125.5610314,43.9229959],[125.5622598,43.9235099],[125.5633862,43.9239323],[125.5645125,43.9243547],[125.5656388,43.9247772],[125.5667652,43.9251996],[125.5680929,43.9256397]]}},{"type":"Feature","properties":{"layer":"motorway","name":"长吉高速","detail_level":1,"route_related":false,"fragment":"a"},"geometry":{"type":"LineString","coordinates":[[125.5680929,43.9256397],[125.5694206,43.9260799],[125.5707483,43.92652],[125.572076,43.9269601],[125.573495,43.9273371],[125.5749139,43.927714],[125.5763329,43.9280909],[125.5777519,43.9284679],[125.5791708,43.9288449],[125.5805898,43.9292218],[125.5817967,43.9295781],[125.5830035,43.9299344],[125.5839899,43.9302611],[125.5849762,43.9305879],[125.5859626,43.9309146]]}},{"type":"Feature","properties":{"layer":"motorway","name":"长吉高速","detail_level":1,"route_related":false,"fragment":"b"},"geometry":{"type":"LineString","coordinates":[[125.5859626,43.9309146],[125.5871027,43.9313306],[125.5882427,43.9317465],[125.5893828,43.9321625],[125.5902163,43.9324911],[125.5910498,43.9328198],[125.5922661,43.9333728],[125.5934824,43.9339258],[125.5946987,43.9344789],[125.595915,43.9350319],[125.5969362,43.9355504],[125.5979575,43.9360689],[125.5989788,43.9365874],[125.6,43.9371059]]}},{"type":"Feature","properties":{"layer":"motorway","name":"长吉高速","detail_level":1,"route_related":false,"fragment":"a"},"geometry":{"type":"LineString","coordinates":[[125.6,43.9373344],[125.5989358,43.936793],[125.5978717,43.9362516],[125.5968075,43.9357102],[125.5957433,43.9351688],[125.5945283,43.9346164],[125.5933134,43.9340639],[125.5920985,43.9335115],[125.5908835,43.9329591],[125.5900525,43.9326315],[125.5892216,43.9323039],[125.5880828,43.9318884],[125.5869441,43.9314729],[125.5858053,43.9310574],[125.5848205,43.9307312]]}},{"type":"Feature","properties":{"layer":"motorway","name":"长吉高速","detail_level":1,"route_related":false,"fragment":"b"},"geometry":{"type":"LineString","coordinates":[[125.5848205,43.9307312],[125.5838356,43.9304049],[125.5828508,43.9300787],[125.5816463,43.9297231],[125.5804419,43.9293675],[125.5790225,43.9289904],[125.577603,43.9286133],[125.5761836,43.9282362],[125.5747642,43.9278592],[125.5733447,43.9274821],[125.5719253,43.927105],[125.5705956,43.9266642],[125.569266,43.9262234],[125.5679363,43.9257827]]}},{"type":"Feature","properties":{"layer":"motorway","name":"长吉高速","detail_level":1,"route_related":false,"fragment":"a"},"geometry":{"type":"LineString","coordinates":[[125.5679363,43.9257827],[125.5666066,43.9253419],[125.5654791,43.924919],[125.5643516,43.9244962],[125.5632241,43.9240734],[125.5620966,43.9236505],[125.5608681,43.9231365],[125.5596395,43.9226225],[125.5584109,43.9221084],[125.5571824,43.9215944],[125.5559539,43.9210804],[125.5547253,43.9205664],[125.5534967,43.9200524],[125.5522682,43.9195383],[125.5510397,43.9190243]]}},{"type":"Feature","properties":{"layer":"motorway","name":"长吉高速","detail_level":1,"route_related":false,"fragment":"b"},"geometry":{"type":"LineString","coordinates":[[125.5510397,43.9190243],[125.5498111,43.9185103],[125.5486646,43.9180556],[125.5475182,43.917601],[125.5463717,43.9171463],[125.5450098,43.9166694],[125.543648,43.9161926],[125.5422861,43.9157157],[125.5409668,43.9153105],[125.5396475,43.9149054],[125.5383282,43.9145002],[125.5371793,43.9141883],[125.5360304,43.9138765],[125.5348815,43.9135646]]}},{"type":"Feature","properties":{"layer":"motorway","name":"长吉高速","detail_level":1,"route_related":false,"fragment":"a"},"geometry":{"type":"LineString","coordinates":[[125.5348815,43.9135646],[125.5336926,43.9132736],[125.5325036,43.9129827],[125.5313147,43.9126917],[125.5299073,43.9124097],[125.5284999,43.9121276],[125.5270925,43.9118456],[125.5256851,43.9115635],[125.5243969,43.9113567],[125.5231088,43.9111498],[125.5218206,43.910943],[125.5204833,43.9107859],[125.5191459,43.9106289],[125.5178086,43.9104718],[125.5164713,43.9103148]]}},{"type":"Feature","properties":{"layer":"motorway","name":"长吉高速","detail_level":1,"route_related":false,"fragment":"b"},"geometry":{"type":"LineString","coordinates":[[125.5164713,43.9103148],[125.515134,43.9101577],[125.5137966,43.9100007],[125.5124593,43.9098436],[125.5112485,43.9096706],[125.5100376,43.9094975],[125.508661,43.9092616],[125.5072843,43.9090257],[125.5059076,43.9087897],[125.504531,43.9085538],[125.5031448,43.9082532],[125.5017585,43.9079527],[125.5003723,43.9076521],[125.4990635,43.9073269]]}},{"type":"Feature","properties":{"layer":"motorway","name":"长吉高速","detail_level":1,"route_related":false,"fragment":"a"},"geometry":{"type":"LineString","coordinates":[[125.4990635,43.9073269],[125.4977546,43.9070016],[125.4964458,43.9066764],[125.4950777,43.906295],[125.4937096,43.9059136],[125.4923054,43.9054981],[125.4909012,43.9050827],[125.489497,43.9046672],[125.4880928,43.9042518],[125.4866886,43.9038363],[125.4852844,43.9034209],[125.4838802,43.9030054],[125.482476,43.9025899],[125.4810718,43.9021745],[125.4796676,43.901759]]}},{"type":"Feature","properties":{"layer":"motorway","name":"长吉高速","detail_level":1,"route_related":false,"fragment":"b"},"geometry":{"type":"LineString","coordinates":[[125.4796676,43.901759],[125.4782634,43.9013436],[125.4768591,43.9009281],[125.4754549,43.9005127],[125.4740507,43.9000972],[125.4726465,43.8996818],[125.4712423,43.8992663],[125.4698381,43.8988508],[125.4684339,43.8984354],[125.4670297,43.8980199],[125.4656255,43.8976045],[125.4642213,43.897189],[125.4628171,43.8967736],[125.4614129,43.8963581]]}},{"type":"Feature","properties":{"layer":"motorway","name":"长长高速","detail_level":1,"route_related":false,"fragment":"a"},"geometry":{"type":"LineString","coordinates":[[125.3267748,43.7060714],[125.3272573,43.7069386],[125.3277397,43.7078058],[125.328368,43.7087956],[125.3289962,43.7097855],[125.3296245,43.7107753],[125.3302528,43.7117651],[125.330881,43.712755],[125.3315093,43.7137448],[125.3319396,43.7145317],[125.3323699,43.7153185],[125.3328002,43.7161054],[125.3332361,43.7171005],[125.3336721,43.7180955],[125.334108,43.7190906],[125.3345119,43.7201431],[125.3348377,43.7211965],[125.3351635,43.7222499],[125.3354893,43.7233033]]}},{"type":"Feature","properties":{"layer":"motorway","name":"长长高速","detail_level":1,"route_related":false,"fragment":"b"},"geometry":{"type":"LineString","coordinates":[[125.3354893,43.7233033],[125.3357539,43.7243667],[125.3360186,43.72543],[125.3362832,43.7264934],[125.3364529,43.7275094],[125.3366225,43.7285253],[125.3367922,43.7295413],[125.3368843,43.7306203],[125.3369763,43.7316994],[125.3370684,43.7327784],[125.3370682,43.7338858],[125.337068,43.7349933],[125.3370678,43.7361007],[125.3369914,43.7371937],[125.3369149,43.7382867],[125.3368025,43.7391481],[125.33669,43.7400095],[125.3365776,43.7408709],[125.3363778,43.7418535]]}},{"type":"Feature","properties":{"layer":"motorway","name":"长长高速","detail_level":1,"route_related":false,"fragment":"a"},"geometry":{"type":"LineString","coordinates":[[125.3363778,43.7418535],[125.3361779,43.7428361],[125.3359781,43.7438187],[125.3356874,43.7448701],[125.3353968,43.7459216],[125.3350806,43.7468873],[125.3347644,43.7478529],[125.3343525,43.7489103],[125.3339406,43.7499677],[125.3335287,43.7510251],[125.3331167,43.7520824],[125.3327048,43.7531398],[125.3322929,43.7541972],[125.331881,43.7552546],[125.331577,43.7563104],[125.3312731,43.7573663],[125.3309691,43.7584221],[125.3307813,43.7593647],[125.3305936,43.7603073]]}},{"type":"Feature","properties":{"layer":"motorway","name":"长长高速","detail_level":1,"route_related":false,"fragment":"b"},"geometry":{"type":"LineString","coordinates":[[125.3305936,43.7603073],[125.3304058,43.7612499],[125.3302606,43.7623391],[125.3301155,43.7634283],[125.3300538,43.7642661],[125.3299921,43.7651038],[125.3299676,43.7660273],[125.3299431,43.7669508],[125.3299671,43.7680641],[125.3299911,43.7691774],[125.3300152,43.7702908],[125.3300392,43.7714041],[125.3300632,43.7725174],[125.3300287,43.7735979],[125.3299941,43.7746783],[125.3299035,43.775595],[125.3298128,43.7765117],[125.3297222,43.7774284]]}},{"type":"Feature","properties":{"layer":"motorway","name":"长长高速","detail_level":1,"route_related":false,"fragment":"a"},"geometry":{"type":"LineString","coordinates":[[125.3294881,43.7774303],[125.3295747,43.7765112],[125.3296614,43.7755921],[125.329748,43.774673],[125.3297852,43.7735957],[125.3298224,43.7725184],[125.3297958,43.7714305],[125.3297691,43.7703426],[125.3297424,43.7692546],[125.3297158,43.7681667],[125.3297241,43.76717],[125.3297323,43.7661732],[125.3297406,43.7651765],[125.3298109,43.764251],[125.3298811,43.7633256],[125.3300288,43.7622331],[125.3301765,43.7611405],[125.3303625,43.7602271],[125.3305484,43.7593137]]}},{"type":"Feature","properties":{"layer":"motorway","name":"长长高速","detail_level":1,"route_related":false,"fragment":"b"},"geometry":{"type":"LineString","coordinates":[[125.3305484,43.7593137],[125.3307344,43.7584003],[125.3310386,43.7573377],[125.3313428,43.7562751],[125.331647,43.7552125],[125.3320588,43.7541555],[125.3324706,43.7530984],[125.3328824,43.7520414],[125.3332943,43.7509843],[125.3337061,43.7499273],[125.3341179,43.7488702],[125.3345297,43.7478132],[125.3348469,43.7468543],[125.3351641,43.7458954],[125.3354514,43.7448413],[125.3357387,43.7437872],[125.3359354,43.7428074],[125.3361321,43.7418277],[125.3363288,43.7408479]]}},{"type":"Feature","properties":{"layer":"motorway","name":"长长高速","detail_level":1,"route_related":false,"fragment":"a"},"geometry":{"type":"LineString","coordinates":[[125.3363288,43.7408479],[125.3364428,43.7399905],[125.3365568,43.739133],[125.3366708,43.7382756],[125.3367489,43.7371875],[125.336827,43.7360993],[125.3368266,43.7349953],[125.3368261,43.7338912],[125.3368257,43.7327872],[125.336735,43.7317112],[125.3366442,43.7306352],[125.3365535,43.7295592],[125.3363823,43.7285445],[125.336211,43.7275299],[125.3360398,43.7265152],[125.3357769,43.7254559],[125.3355141,43.7243966],[125.3352512,43.7233373],[125.3349088,43.7223144]]}},{"type":"Feature","properties":{"layer":"motorway","name":"长长高速","detail_level":1,"route_related":false,"fragment":"b"},"geometry":{"type":"LineString","coordinates":[[125.3349088,43.7223144],[125.3345664,43.7212916],[125.334224,43.7202687],[125.3338691,43.7193528],[125.3335141,43.7184369],[125.3331592,43.717521],[125.3326893,43.7166435],[125.3322194,43.7157659],[125.3317495,43.7148884],[125.3312796,43.7140109],[125.3307122,43.7130863],[125.3301448,43.7121617],[125.3295773,43.7112371],[125.3290099,43.7103125],[125.3284425,43.7093879],[125.3279092,43.7083904],[125.3275117,43.7078669],[125.3270319,43.7069999],[125.3265522,43.706133]]}},{"type":"Feature","properties":{"layer":"motorway","name":"延长高速","detail_level":1,"route_related":false,"fragment":"a"},"geometry":{"type":"LineString","coordinates":[[125.5828934,43.7795516],[125.5826795,43.7786599],[125.5824657,43.7777683],[125.5821409,43.7768663],[125.5818161,43.7759642],[125.5814913,43.7750622],[125.5810665,43.7740301],[125.5806417,43.772998],[125.5802169,43.7719659],[125.5797921,43.7709339],[125.5793673,43.7699018],[125.5789425,43.7688697],[125.5785177,43.7678376],[125.5782787,43.7668774],[125.5780396,43.7659172],[125.5778006,43.764957],[125.5775615,43.7639968],[125.5773945,43.7631019],[125.5772275,43.762207]]}},{"type":"Feature","properties":{"layer":"motorway","name":"延长高速","detail_level":1,"route_related":false,"fragment":"b"},"geometry":{"type":"LineString","coordinates":[[125.5772275,43.762207],[125.5771916,43.7614545],[125.5771556,43.760702],[125.5771197,43.7599495],[125.5772276,43.759069],[125.5773355,43.7581885],[125.5775995,43.7571067],[125.5778635,43.7560249],[125.5782674,43.7550447],[125.5786712,43.7540646],[125.5791014,43.7531906],[125.5795316,43.7523166],[125.5799551,43.7515653],[125.5803787,43.7508141],[125.5808102,43.74988],[125.5812418,43.7489458],[125.5816733,43.7480116],[125.5821048,43.7470775]]}},{"type":"Feature","properties":{"layer":"motorway","name":"延长高速","detail_level":1,"route_related":false,"fragment":"a"},"geometry":{"type":"LineString","coordinates":[[125.5821048,43.7470775],[125.5825364,43.7461433],[125.5829679,43.7452092],[125.5831711,43.7445476],[125.5833744,43.743886],[125.5835731,43.7428587],[125.5836464,43.7418631],[125.5837198,43.7408675],[125.5837931,43.7398719],[125.583729,43.7390309],[125.5836649,43.7381899],[125.5834994,43.7372138],[125.5833339,43.7362376],[125.5830376,43.7353915],[125.5827412,43.7345454],[125.5824449,43.7336993],[125.5821433,43.7326801],[125.5818416,43.731661]]}},{"type":"Feature","properties":{"layer":"motorway","name":"延长高速","detail_level":1,"route_related":false,"fragment":"b"},"geometry":{"type":"LineString","coordinates":[[125.5818416,43.731661],[125.58154,43.7306418],[125.5812384,43.7296227],[125.5809367,43.7286035],[125.5806351,43.7275844],[125.5803335,43.7265652],[125.5800318,43.7255461],[125.5797302,43.7245269],[125.579426,43.7236346],[125.5791219,43.7227424],[125.5788177,43.7218501],[125.5785647,43.720765],[125.5783118,43.71968],[125.5782255,43.7190294],[125.5781393,43.7183788],[125.578116,43.7173188],[125.5780928,43.7162589],[125.5780695,43.7151989]]}},{"type":"Feature","properties":{"layer":"motorway","name":"延长高速","detail_level":1,"route_related":false,"fragment":"a"},"geometry":{"type":"LineString","coordinates":[[125.578199,43.7152052],[125.5782223,43.7162611],[125.5782455,43.7173169],[125.5782688,43.7183728],[125.5783546,43.7190203],[125.5784404,43.7196678],[125.5786925,43.7207494],[125.5789447,43.7218311],[125.5792487,43.7227228],[125.5795526,43.7236144],[125.5798566,43.7245061],[125.5801582,43.7255252],[125.5804598,43.7265442],[125.5807614,43.7275633],[125.581063,43.7285824],[125.5813646,43.7296014],[125.5816662,43.7306205],[125.5819678,43.7316396],[125.5822694,43.7326586]]}},{"type":"Feature","properties":{"layer":"motorway","name":"延长高速","detail_level":1,"route_related":false,"fragment":"b"},"geometry":{"type":"LineString","coordinates":[[125.5822694,43.7326586],[125.582571,43.7336777],[125.5828678,43.7345253],[125.5831647,43.7353728],[125.5834615,43.7362204],[125.5836278,43.737201],[125.5837941,43.7381816],[125.5838585,43.7390265],[125.5839229,43.7398714],[125.5838493,43.7408704],[125.5837756,43.7418694],[125.583702,43.7428684],[125.5835021,43.7439021],[125.5832976,43.7445678],[125.5830931,43.7452336],[125.582661,43.7461691],[125.5822289,43.7471046],[125.5817967,43.7480401]]}},{"type":"Feature","properties":{"layer":"motorway","name":"延长高速","detail_level":1,"route_related":false,"fragment":"a"},"geometry":{"type":"LineString","coordinates":[[125.5817967,43.7480401],[125.5813646,43.7489755],[125.5809325,43.749911],[125.5805004,43.7508465],[125.5800766,43.7515982],[125.5796528,43.7523499],[125.5792237,43.7532217],[125.5787945,43.7540936],[125.5783921,43.7550701],[125.5779898,43.7560465],[125.5777269,43.7571236],[125.5774641,43.7582008],[125.5773568,43.7590764],[125.5772495,43.759952],[125.5772853,43.7607011],[125.577321,43.7614501],[125.5773568,43.7621992],[125.5775231,43.7630902]]}},{"type":"Feature","properties":{"layer":"motorway","name":"延长高速","detail_level":1,"route_related":false,"fragment":"b"},"geometry":{"type":"LineString","coordinates":[[125.5775231,43.7630902],[125.5776894,43.7639813],[125.5779281,43.7649401],[125.5781669,43.765899],[125.5784056,43.7668578],[125.5786443,43.7678166],[125.5790689,43.7688481],[125.5794934,43.7698796],[125.579918,43.7709111],[125.5803425,43.7719426],[125.5807671,43.7729741],[125.5811916,43.7740056],[125.5816162,43.7750371],[125.5819416,43.7759409],[125.5822671,43.7768447],[125.5825925,43.7777485],[125.582807,43.7786432],[125.5830216,43.7795379]]}},{"type":"Feature","properties":{"layer":"motorway","name":"京哈高速","detail_level":1,"route_related":false,"fragment":"a"},"geometry":{"type":"LineString","coordinates":[[125.2074885,43.7392045],[125.2063353,43.7385165],[125.205182,43.7378286],[125.2040288,43.7371406],[125.2028756,43.7364526],[125.2017224,43.7357647],[125.2005691,43.7350767],[125.1994159,43.7343887],[125.1982627,43.7337008],[125.1971095,43.7330128],[125.1959562,43.7323248],[125.194803,43.7316369],[125.1936498,43.7309489],[125.1924966,43.7302609]]}},{"type":"Feature","properties":{"layer":"motorway","name":"京哈高速","detail_level":1,"route_related":false,"fragment":"b"},"geometry":{"type":"LineString","coordinates":[[125.1924966,43.7302609],[125.1913433,43.729573],[125.1901901,43.728885],[125.1891726,43.7283087],[125.1881551,43.7277325],[125.1870854,43.7271814],[125.1860157,43.7266303],[125.1849459,43.7260792],[125.1838762,43.7255281],[125.1828036,43.7250336],[125.1817309,43.7245391],[125.1805598,43.7240393],[125.1793888,43.7235395]]}},{"type":"Feature","properties":{"layer":"motorway","name":"京哈高速","detail_level":1,"route_related":false,"fragment":"a"},"geometry":{"type":"LineString","coordinates":[[125.1793888,43.7235395],[125.1782177,43.7230397],[125.1771612,43.7226221],[125.1761047,43.7222046],[125.1749259,43.7217922],[125.1737471,43.7213797],[125.1725683,43.7209673],[125.1713895,43.7205548],[125.1702107,43.7201424],[125.1688602,43.7196928],[125.1675097,43.7192431],[125.1661592,43.7187935],[125.1648087,43.7183438],[125.1634582,43.7178942]]}},{"type":"Feature","properties":{"layer":"motorway","name":"京哈高速","detail_level":1,"route_related":false,"fragment":"b"},"geometry":{"type":"LineString","coordinates":[[125.1634582,43.7178942],[125.1621077,43.7174446],[125.1607572,43.7169949],[125.1594067,43.7165453],[125.1582823,43.7161315],[125.1571579,43.7157178],[125.1560335,43.715304],[125.1550777,43.7149208],[125.1541219,43.7145375],[125.1531661,43.7141543],[125.1521107,43.7136838],[125.1510554,43.7132132],[125.15,43.7127427]]}},{"type":"Feature","properties":{"layer":"motorway","name":"长长高速","detail_level":1,"route_related":false,"fragment":"a"},"geometry":{"type":"LineString","coordinates":[[125.3152784,43.6671673],[125.3149063,43.666087],[125.3145341,43.6650067],[125.314162,43.6639263],[125.3137899,43.662846],[125.3134177,43.6617657],[125.3130456,43.6606854],[125.3126735,43.6596051],[125.3123014,43.6585248],[125.3119292,43.6574444],[125.3115571,43.6563641],[125.311185,43.6552838],[125.3108128,43.6542035],[125.3104407,43.6531232],[125.3100686,43.6520429],[125.3096964,43.6509625],[125.3093243,43.6498822],[125.3089522,43.6488019],[125.3085801,43.6477216],[125.3082079,43.6466413],[125.3078358,43.645561],[125.3074637,43.6444806],[125.3070915,43.6434003],[125.3067194,43.64232]]}},{"type":"Feature","properties":{"layer":"motorway","name":"长长高速","detail_level":1,"route_related":false,"fragment":"b"},"geometry":{"type":"LineString","coordinates":[[125.3067194,43.64232],[125.3064642,43.6413996],[125.3062089,43.6404793],[125.3059536,43.639559],[125.3056984,43.6386386],[125.3055587,43.6376356],[125.305419,43.6366325],[125.3052793,43.6356295],[125.3051396,43.6346264],[125.3049999,43.6336234],[125.3049446,43.6327843],[125.3048894,43.6319451],[125.3048772,43.6308729],[125.3048649,43.6298006],[125.3048527,43.6287284],[125.3048626,43.6277123],[125.3048724,43.6266963],[125.3048823,43.6256802],[125.3048921,43.6246641],[125.304902,43.6236481],[125.3049118,43.622632],[125.3049217,43.6216159],[125.3049315,43.6205999],[125.3049414,43.6195838]]}},{"type":"Feature","properties":{"layer":"motorway","name":"长长高速","detail_level":1,"route_related":false,"fragment":"a"},"geometry":{"type":"LineString","coordinates":[[125.3051154,43.6195742],[125.3051116,43.6206048],[125.3051078,43.6216354],[125.3051039,43.622666],[125.3051001,43.6236966],[125.3050963,43.6247272],[125.3050925,43.6257578],[125.3050886,43.6267884],[125.3050848,43.627819],[125.305081,43.6288496],[125.3050772,43.6298802],[125.3050733,43.6309108],[125.3050695,43.6319414],[125.3051246,43.6327779],[125.3051796,43.6336144],[125.305319,43.6346155],[125.3054584,43.6356166],[125.3055979,43.6366176],[125.3057373,43.6376187],[125.3058767,43.6386198],[125.3061312,43.6395375],[125.3063858,43.6404552],[125.3066404,43.6413729],[125.3068949,43.6422906]]}},{"type":"Feature","properties":{"layer":"motorway","name":"长长高速","detail_level":1,"route_related":false,"fragment":"b"},"geometry":{"type":"LineString","coordinates":[[125.3068949,43.6422906],[125.3072666,43.6433698],[125.3076384,43.644449],[125.3080101,43.6455281],[125.3083819,43.6466073],[125.3087536,43.6476865],[125.3091254,43.6487657],[125.3094971,43.6498449],[125.3098688,43.6509241],[125.3102406,43.6520032],[125.3106123,43.6530824],[125.3109841,43.6541616],[125.3113558,43.6552408],[125.3117276,43.65632],[125.3120993,43.6573992],[125.3124711,43.6584783],[125.3128428,43.6595575],[125.3132145,43.6606367],[125.3135863,43.6617159],[125.313958,43.6627951],[125.3143298,43.6638743],[125.3147015,43.6649534],[125.3150733,43.6660326],[125.315445,43.6671118]]}},{"type":"Feature","properties":{"layer":"motorway","name":"京哈高速","detail_level":1,"route_related":false,"fragment":"a"},"geometry":{"type":"LineString","coordinates":[[125.15,43.7126081],[125.1510716,43.7130899],[125.1521433,43.7135717],[125.1532149,43.7140535],[125.1541823,43.7144401],[125.1551498,43.7148267],[125.1561172,43.7152133],[125.1572397,43.7156276],[125.1583622,43.7160419],[125.1594847,43.7164562],[125.1608333,43.7169052],[125.1621818,43.7173541],[125.1635304,43.7178031],[125.164879,43.7182521],[125.1662276,43.718701],[125.1675762,43.71915],[125.1689247,43.7195989],[125.1702733,43.7200479],[125.1714531,43.7204582],[125.1726328,43.7208685],[125.1738126,43.7212788],[125.1749923,43.7216891],[125.1761721,43.7220994],[125.1772368,43.7225196]]}},{"type":"Feature","properties":{"layer":"motorway","name":"京哈高速","detail_level":1,"route_related":false,"fragment":"b"},"geometry":{"type":"LineString","coordinates":[[125.1772368,43.7225196],[125.1783016,43.7229398],[125.1794772,43.7234457],[125.1806528,43.7239517],[125.1818284,43.7244576],[125.1827489,43.724887],[125.1836695,43.7253163],[125.18459,43.7257457],[125.1858217,43.7263777],[125.1870534,43.7270098],[125.1882851,43.7276418],[125.1893404,43.7282488],[125.1903957,43.7288558],[125.191451,43.7294628],[125.1925999,43.730152],[125.1937488,43.7308411],[125.1948976,43.7315303],[125.1960465,43.7322194],[125.1971954,43.7329086],[125.1983443,43.7335977],[125.1994931,43.7342869],[125.200642,43.734976],[125.2017909,43.7356652]]}},{"type":"Feature","properties":{"layer":"motorway","name":"延长高速","detail_level":1,"route_related":false,"fragment":"a"},"geometry":{"type":"LineString","coordinates":[[125.4952239,43.8499198],[125.4956342,43.8488948],[125.4959166,43.8483663],[125.496199,43.8478379],[125.4965612,43.847335],[125.4969233,43.846832],[125.4974414,43.8461899],[125.4979594,43.8455478],[125.4986716,43.8448941],[125.4993838,43.8442403],[125.5001314,43.8437177],[125.5008789,43.843195],[125.5015579,43.842815],[125.5022368,43.8424349]]}},{"type":"Feature","properties":{"layer":"motorway","name":"延长高速","detail_level":1,"route_related":false,"fragment":"b"},"geometry":{"type":"LineString","coordinates":[[125.5022368,43.8424349],[125.5030865,43.8420914],[125.5039361,43.841748],[125.5051371,43.8413851],[125.506338,43.8410222],[125.5074318,43.8408816],[125.5085256,43.840741],[125.5093526,43.8406942],[125.5101795,43.8406475],[125.511197,43.8406592],[125.5122146,43.8406709],[125.5136023,43.8408734],[125.5149901,43.8410759],[125.5161871,43.8413442]]}},{"type":"Feature","properties":{"layer":"motorway","name":"延长高速","detail_level":1,"route_related":false,"fragment":"a"},"geometry":{"type":"LineString","coordinates":[[125.5161871,43.8413442],[125.517384,43.8416126],[125.5185582,43.8419587],[125.5197323,43.8423048],[125.5209064,43.842651],[125.5220806,43.8429971],[125.5230513,43.8431932],[125.524022,43.8433894],[125.5252029,43.8435628],[125.5263838,43.8437363],[125.5275196,43.8438401],[125.5286554,43.8439439],[125.5300149,43.8439157],[125.5313744,43.8438874]]}},{"type":"Feature","properties":{"layer":"motorway","name":"延长高速","detail_level":1,"route_related":false,"fragment":"b"},"geometry":{"type":"LineString","coordinates":[[125.5313744,43.8438874],[125.5327339,43.8438592],[125.5338438,43.8437309],[125.5349536,43.8436027],[125.5360635,43.8434744],[125.5371205,43.8432511],[125.5381774,43.8430278],[125.5389768,43.8428164],[125.5397762,43.842605],[125.5411705,43.8421079],[125.5425648,43.8416109],[125.5432957,43.8412877],[125.5440265,43.8409645]]}},{"type":"Feature","properties":{"layer":"motorway","name":"延长高速","detail_level":1,"route_related":false,"fragment":"a"},"geometry":{"type":"LineString","coordinates":[[125.5440974,43.8410428],[125.5433625,43.8413678],[125.5426276,43.8416928],[125.5416942,43.8420256],[125.5407607,43.8423583],[125.5398273,43.8426911],[125.5390226,43.8429039],[125.538218,43.8431167],[125.5371559,43.8433411],[125.5360937,43.8435655],[125.5349779,43.8436945],[125.5338621,43.8438234],[125.5327463,43.8439524],[125.5313802,43.8439808]]}},{"type":"Feature","properties":{"layer":"motorway","name":"延长高速","detail_level":1,"route_related":false,"fragment":"b"},"geometry":{"type":"LineString","coordinates":[[125.5313802,43.8439808],[125.530014,43.8440091],[125.5286479,43.8440375],[125.5275052,43.843933],[125.5263626,43.8438285],[125.5251771,43.8436544],[125.5239916,43.8434803],[125.5230153,43.843283],[125.5220389,43.8430857],[125.5208641,43.8427394],[125.5196893,43.8423932],[125.5185145,43.8420469],[125.5173397,43.8417006],[125.5161488,43.8414336]]}},{"type":"Feature","properties":{"layer":"motorway","name":"延长高速","detail_level":1,"route_related":false,"fragment":"a"},"geometry":{"type":"LineString","coordinates":[[125.5161488,43.8414336],[125.5149579,43.8411666],[125.5135792,43.8409654],[125.5122006,43.8407642],[125.5111921,43.8407526],[125.5101836,43.840741],[125.5093629,43.8407875],[125.5085421,43.8408339],[125.5074585,43.8409732],[125.5063748,43.8411125],[125.5051839,43.8414723],[125.503993,43.8418321],[125.5031508,43.8421726],[125.5023086,43.8425131]]}},{"type":"Feature","properties":{"layer":"motorway","name":"延长高速","detail_level":1,"route_related":false,"fragment":"b"},"geometry":{"type":"LineString","coordinates":[[125.5023086,43.8425131],[125.501638,43.8428884],[125.5009675,43.8432637],[125.5002253,43.8437821],[125.4994831,43.8443005],[125.498775,43.8449504],[125.4980669,43.8456004],[125.4975519,43.8462387],[125.4970369,43.8468771],[125.4964017,43.8478667],[125.4960866,43.8484712],[125.4957715,43.8490757],[125.4954421,43.8499799]]}},{"type":"Feature","properties":{"layer":"motorway","name":"长春绕城高速","detail_level":1,"route_related":false,"fragment":"a"},"geometry":{"type":"LineString","coordinates":[[125.15,43.9041369],[125.1507681,43.9050965],[125.1515362,43.9060561],[125.1523043,43.9070157],[125.1530725,43.9079753],[125.1538406,43.9089349],[125.1546087,43.9098945],[125.1553768,43.9108541],[125.1561449,43.9118138],[125.156913,43.9127734],[125.1576811,43.913733],[125.1584492,43.9146926],[125.1592174,43.9156522],[125.1599855,43.9166118],[125.1607536,43.9175714],[125.1615217,43.918531],[125.16231,43.9194984],[125.1630983,43.9204657]]}},{"type":"Feature","properties":{"layer":"motorway","name":"长春绕城高速","detail_level":1,"route_related":false,"fragment":"b"},"geometry":{"type":"LineString","coordinates":[[125.1630983,43.9204657],[125.1638866,43.9214331],[125.1646749,43.9224005],[125.1654632,43.9233678],[125.1662515,43.9243352],[125.1670286,43.9251459],[125.1678057,43.9259565],[125.1685828,43.9267672],[125.1693671,43.9275083],[125.1701513,43.9282495],[125.1711395,43.9290857],[125.1721276,43.929922],[125.1731158,43.9307582],[125.1739506,43.9314169],[125.1747854,43.9320756],[125.1756202,43.9327342],[125.176455,43.9333929]]}},{"type":"Feature","properties":{"layer":"motorway","name":"长春绕城高速","detail_level":1,"route_related":false,"fragment":"a"},"geometry":{"type":"LineString","coordinates":[[125.1763381,43.9334719],[125.1753552,43.9326702],[125.1743724,43.9318686],[125.1733895,43.9310669],[125.1724067,43.9302652],[125.1714238,43.9294636],[125.170441,43.9286619],[125.1696783,43.9279456],[125.1689156,43.9272292],[125.1681529,43.9265129],[125.1674606,43.9257758],[125.1667682,43.9250386],[125.1660759,43.9243015],[125.1653104,43.9233491],[125.1645449,43.9223968],[125.1637793,43.9214444],[125.1630138,43.920492],[125.1622483,43.9195396]]}},{"type":"Feature","properties":{"layer":"motorway","name":"长春绕城高速","detail_level":1,"route_related":false,"fragment":"b"},"geometry":{"type":"LineString","coordinates":[[125.1622483,43.9195396],[125.1614828,43.9185873],[125.1607173,43.9176349],[125.1599517,43.9166825],[125.1591862,43.9157302],[125.1584207,43.9147778],[125.1576552,43.9138254],[125.1568897,43.912873],[125.1561242,43.9119207],[125.1553586,43.9109683],[125.1545931,43.9100159],[125.1538276,43.9090636],[125.1530621,43.9081112],[125.1522966,43.9071588],[125.151531,43.9062064],[125.1507655,43.9052541],[125.15,43.9043017]]}},{"type":"Feature","properties":{"layer":"motorway","name":"长春绕城高速","detail_level":1,"route_related":false,"fragment":"a"},"geometry":{"type":"LineString","coordinates":[[125.2027347,43.7560066],[125.2027192,43.7568572],[125.2027037,43.7577077],[125.2026882,43.7585583],[125.2025814,43.7594174],[125.2024746,43.7602766],[125.2023679,43.7611357],[125.2022611,43.7619948],[125.2021184,43.7627939],[125.2019756,43.763593],[125.2017347,43.7645913],[125.2014937,43.7655896],[125.2012528,43.7665878],[125.2010119,43.7675861],[125.2007051,43.7685264],[125.2003983,43.7694666],[125.2000915,43.7704069],[125.1997847,43.7713471],[125.1994779,43.7722874],[125.199175,43.7730211],[125.198872,43.7737547]]}},{"type":"Feature","properties":{"layer":"motorway","name":"长春绕城高速","detail_level":1,"route_related":false,"fragment":"b"},"geometry":{"type":"LineString","coordinates":[[125.198872,43.7737547],[125.1985691,43.7744884],[125.1982229,43.7752174],[125.1978768,43.7759463],[125.1975306,43.7766753],[125.1971577,43.7773863],[125.1967847,43.7780974],[125.1964118,43.7788084],[125.1959965,43.779524],[125.1955812,43.7802397],[125.1951659,43.7809553],[125.1946074,43.7818215],[125.194049,43.7826878],[125.1934905,43.783554],[125.1928861,43.7843973],[125.1922816,43.7852406],[125.1916772,43.7860839],[125.1909546,43.7869934],[125.1902319,43.7879028],[125.1895093,43.7888123]]}},{"type":"Feature","properties":{"layer":"motorway","name":"长春绕城高速","detail_level":1,"route_related":false,"fragment":"a"},"geometry":{"type":"LineString","coordinates":[[125.1893797,43.7887616],[125.1900284,43.7879151],[125.1906771,43.7870686],[125.1913257,43.7862222],[125.1919744,43.7853757],[125.1926231,43.7845292],[125.1931804,43.7837002],[125.1937378,43.7828712],[125.1942952,43.7820423],[125.1948525,43.7812133],[125.1953167,43.780402],[125.1957809,43.7795907],[125.1962452,43.7787793],[125.1967094,43.777968],[125.19712,43.7771637],[125.1975306,43.7763594],[125.1979595,43.7753886],[125.1983885,43.7744179],[125.1988175,43.7734472],[125.1992464,43.7724764]]}},{"type":"Feature","properties":{"layer":"motorway","name":"长春绕城高速","detail_level":1,"route_related":false,"fragment":"b"},"geometry":{"type":"LineString","coordinates":[[125.1992464,43.7724764],[125.1995406,43.7716482],[125.1998348,43.7708199],[125.200129,43.7699917],[125.2003707,43.7692131],[125.2006125,43.7684345],[125.2008542,43.7676559],[125.2010872,43.7666944],[125.2013202,43.765733],[125.2015532,43.7647715],[125.2017862,43.76381],[125.2019567,43.7627216],[125.2021272,43.7616331],[125.2022977,43.7605447],[125.2024682,43.7594563],[125.2025454,43.7585335],[125.2026226,43.7576106],[125.2025941,43.7568136],[125.2025657,43.7560167]]}},{"type":"Feature","properties":{"layer":"motorway","name":"长春绕城高速","detail_level":1,"route_related":false,"fragment":"a"},"geometry":{"type":"LineString","coordinates":[[125.3316222,43.7867589],[125.3301714,43.7863629],[125.3287205,43.7859669],[125.3272697,43.7855709],[125.3258188,43.7851749],[125.324368,43.784779],[125.3229172,43.784383],[125.3214663,43.783987],[125.3200155,43.783591],[125.3187069,43.7831741],[125.3173983,43.7827572],[125.3160897,43.7823404],[125.3147811,43.7819235],[125.3134725,43.7815066],[125.3121221,43.7810156],[125.3107718,43.7805245],[125.3094214,43.7800335]]}},{"type":"Feature","properties":{"layer":"motorway","name":"长春绕城高速","detail_level":1,"route_related":false,"fragment":"b"},"geometry":{"type":"LineString","coordinates":[[125.3094214,43.7800335],[125.308071,43.7795425],[125.3068395,43.7790307],[125.305608,43.778519],[125.3043765,43.7780072],[125.3032013,43.7774776],[125.3020262,43.7769481],[125.300851,43.7764185],[125.2996759,43.775889],[125.2985007,43.7753594],[125.2973134,43.7747794],[125.2961261,43.7741995],[125.2949388,43.7736195],[125.2937514,43.7730395],[125.2925641,43.7724596],[125.2913768,43.7718796]]}},{"type":"Feature","properties":{"layer":"motorway","name":"长春绕城高速","detail_level":1,"route_related":false},"geometry":{"type":"LineString","coordinates":[[125.4069418,43.9985018],[125.4081671,43.9979319],[125.4093923,43.9973619],[125.4106176,43.996792],[125.4118429,43.996222],[125.4130681,43.995652],[125.4142934,43.9950821],[125.4154261,43.994494],[125.4165589,43.9939058],[125.4176916,43.9933177],[125.418782,43.9926792],[125.4198725,43.9920407],[125.4209629,43.9914022],[125.422063,43.9906757],[125.4231631,43.9899492],[125.4242632,43.9892227],[125.4253633,43.9884962],[125.4264692,43.9877435],[125.4275752,43.9869909],[125.4286811,43.9862382],[125.4297871,43.9854856],[125.430893,43.9847329]]}},{"type":"Feature","properties":{"layer":"trunk","name":"龙东线","detail_level":1,"route_related":true,"fragment":"a"},"geometry":{"type":"LineString","coordinates":[[125.5828733,43.6],[125.5833199,43.6009513],[125.5837665,43.6019026],[125.5842132,43.6028538],[125.5846598,43.6038051],[125.5851064,43.6047564],[125.585553,43.6057077],[125.5859997,43.6066589],[125.5864463,43.6076102],[125.5868929,43.6085615],[125.5870774,43.6093094],[125.5871459,43.6099775],[125.5870429,43.6109563],[125.5867266,43.6119718]]}},{"type":"Feature","properties":{"layer":"trunk","name":"龙东线","detail_level":1,"route_related":true,"fragment":"b"},"geometry":{"type":"LineString","coordinates":[[125.5867266,43.6119718],[125.5863216,43.6127297],[125.5856742,43.6136978],[125.5850268,43.614666],[125.5843794,43.6156341],[125.583732,43.6166023],[125.5830846,43.6175704],[125.5824372,43.6185386],[125.5817898,43.6195067],[125.5811425,43.6204749],[125.5804951,43.621443],[125.5798477,43.6224112],[125.5792003,43.6233793],[125.5785529,43.6243475]]}},{"type":"Feature","properties":{"layer":"trunk","name":"龙东线","detail_level":1,"route_related":true,"fragment":"a"},"geometry":{"type":"LineString","coordinates":[[125.5785529,43.6243475],[125.5779055,43.6253156],[125.5772581,43.6262838],[125.5766107,43.6272519],[125.5759554,43.6282481],[125.5753,43.6292443],[125.5746447,43.6302405],[125.5739894,43.6312366],[125.573334,43.6322328],[125.5726787,43.633229],[125.5720234,43.6342252],[125.5713681,43.6352214],[125.5707127,43.6362176],[125.5700574,43.6372138]]}},{"type":"Feature","properties":{"layer":"trunk","name":"龙东线","detail_level":1,"route_related":true,"fragment":"b"},"geometry":{"type":"LineString","coordinates":[[125.5700574,43.6372138],[125.5694021,43.63821],[125.5687467,43.6392061],[125.5680914,43.6402023],[125.5674361,43.6411985],[125.5667807,43.6421947],[125.5661254,43.6431909],[125.5654701,43.6441871],[125.5648147,43.6451833],[125.5641594,43.6461795],[125.5635041,43.6471757],[125.5628487,43.6481718],[125.5621934,43.649168]]}},{"type":"Feature","properties":{"layer":"trunk","name":"龙东线","detail_level":1,"route_related":true,"fragment":"a"},"geometry":{"type":"LineString","coordinates":[[125.5621934,43.649168],[125.5615381,43.6501642],[125.5608828,43.6511604],[125.5602274,43.6521566],[125.5595721,43.6531528],[125.5589168,43.654149],[125.5582614,43.6551452],[125.5576061,43.6561413],[125.5569508,43.6571375],[125.5562954,43.6581337],[125.5556401,43.6591299],[125.5547952,43.6599061],[125.5543838,43.6601673],[125.553704,43.6604747]]}},{"type":"Feature","properties":{"layer":"trunk","name":"龙东线","detail_level":1,"route_related":true,"fragment":"b"},"geometry":{"type":"LineString","coordinates":[[125.553704,43.6604747],[125.5523883,43.6608663],[125.5510726,43.661258],[125.549757,43.6616497],[125.5484413,43.6620413],[125.5471256,43.6624329],[125.5458099,43.6628246],[125.5444942,43.6632162],[125.5431786,43.6636079],[125.5418629,43.6639995],[125.5405472,43.6643912],[125.5398408,43.664661],[125.5391188,43.6650731]]}},{"type":"Feature","properties":{"layer":"trunk","name":"龙东线","detail_level":1,"route_related":true,"fragment":"a"},"geometry":{"type":"LineString","coordinates":[[125.5391188,43.6650731],[125.5387803,43.6653107],[125.5381624,43.6659299],[125.5374479,43.6668918],[125.5367334,43.6678537],[125.5360189,43.6688156],[125.5353044,43.6697775],[125.5345899,43.6707394],[125.5338755,43.6717013],[125.533161,43.6726632],[125.5324465,43.6736251],[125.531732,43.674587],[125.5310175,43.6755489],[125.530303,43.6765108]]}},{"type":"Feature","properties":{"layer":"trunk","name":"龙东线","detail_level":1,"route_related":true,"fragment":"b"},"geometry":{"type":"LineString","coordinates":[[125.530303,43.6765108],[125.5295885,43.6774727],[125.5288943,43.6782113],[125.5277486,43.6789125],[125.5265592,43.6794958],[125.5253699,43.6800791],[125.5241805,43.6806624],[125.5229912,43.6812458],[125.5218018,43.6818291],[125.5206125,43.6824124],[125.5194231,43.6829957],[125.518448,43.6835138],[125.517473,43.684032]]}},{"type":"Feature","properties":{"layer":"trunk","name":"龙东线","detail_level":1,"route_related":true,"fragment":"a"},"geometry":{"type":"LineString","coordinates":[[125.517473,43.684032],[125.5164041,43.6848278],[125.5153352,43.6856237],[125.5142662,43.6864195],[125.5131973,43.6872154],[125.5121284,43.6880112],[125.5111427,43.6887603],[125.5101571,43.6895094],[125.5091714,43.6902585],[125.5081858,43.6910075],[125.5072002,43.6917566],[125.5062145,43.6925057],[125.5052288,43.6932548],[125.5042432,43.6940039]]}},{"type":"Feature","properties":{"layer":"trunk","name":"龙东线","detail_level":1,"route_related":true,"fragment":"b"},"geometry":{"type":"LineString","coordinates":[[125.5042432,43.6940039],[125.5032576,43.6947529],[125.5022719,43.695502],[125.5012863,43.6962511],[125.5003006,43.6970002],[125.4994122,43.697778],[125.4987381,43.6985189],[125.4982569,43.6991751],[125.4977575,43.699943],[125.4972581,43.700711],[125.4967588,43.7014789],[125.4962594,43.7022468],[125.495444,43.7030319]]}},{"type":"Feature","properties":{"layer":"trunk","name":"龙东线","detail_level":1,"route_related":true,"fragment":"a"},"geometry":{"type":"LineString","coordinates":[[125.495444,43.7030319],[125.4946423,43.7036991],[125.4938406,43.7043663],[125.4930389,43.7050335],[125.4923824,43.705762],[125.4917883,43.7066993],[125.4911942,43.7076367],[125.4906001,43.708574],[125.4900061,43.7095114],[125.489412,43.7104487],[125.4888179,43.7113861],[125.4882238,43.7123234],[125.4875464,43.7131559],[125.4868691,43.7139884]]}},{"type":"Feature","properties":{"layer":"trunk","name":"龙东线","detail_level":1,"route_related":true,"fragment":"b"},"geometry":{"type":"LineString","coordinates":[[125.4868691,43.7139884],[125.4861917,43.714821],[125.4855143,43.7156535],[125.484837,43.716486],[125.4841596,43.7173185],[125.4834407,43.7181353],[125.4825799,43.7190218],[125.4817191,43.7199083],[125.4808583,43.7207947],[125.4799975,43.7216812],[125.4791366,43.7225677],[125.4782758,43.7234542],[125.477415,43.7243406]]}},{"type":"Feature","properties":{"layer":"trunk","name":"龙东线","detail_level":1,"route_related":true,"fragment":"a"},"geometry":{"type":"LineString","coordinates":[[125.477415,43.7243406],[125.4765542,43.7252271],[125.4756934,43.7261136],[125.4752934,43.727034],[125.4748934,43.7279543],[125.4744934,43.7288747],[125.4740935,43.7297951],[125.4736935,43.7307154],[125.4732935,43.7316358],[125.4728421,43.7322122],[125.4720916,43.732966],[125.471227,43.7336675],[125.4703624,43.7343691],[125.4694978,43.7350706]]}},{"type":"Feature","properties":{"layer":"trunk","name":"龙东线","detail_level":1,"route_related":true,"fragment":"b"},"geometry":{"type":"LineString","coordinates":[[125.4694978,43.7350706],[125.4690025,43.7356714],[125.4685617,43.7365613],[125.4681209,43.7374511],[125.46768,43.738341],[125.4672392,43.7392308],[125.4667984,43.7401207],[125.4663576,43.7410105],[125.46588,43.7416285],[125.4650232,43.7423979],[125.464024,43.7432081],[125.4630249,43.7440183],[125.4620257,43.7448285]]}},{"type":"Feature","properties":{"layer":"trunk","name":"龙东线","detail_level":1,"route_related":true,"fragment":"a"},"geometry":{"type":"LineString","coordinates":[[125.4620257,43.7448285],[125.4610265,43.7456387],[125.4600273,43.7464489],[125.4590281,43.7472592],[125.458029,43.7480694],[125.4570298,43.7488796],[125.4560306,43.7496898],[125.4550315,43.7505],[125.4540323,43.7513102],[125.4530331,43.7521204],[125.4523912,43.7528129],[125.4517939,43.7537146],[125.4512868,43.7546885],[125.4507798,43.7556623]]}},{"type":"Feature","properties":{"layer":"trunk","name":"龙东线","detail_level":1,"route_related":true,"fragment":"b"},"geometry":{"type":"LineString","coordinates":[[125.4507798,43.7556623],[125.4502727,43.7566361],[125.4497656,43.75761],[125.4490782,43.7583791],[125.4484348,43.758928],[125.4477913,43.7594768],[125.4471902,43.7602155],[125.4467849,43.7610519],[125.4463796,43.7618883],[125.4458737,43.7626018],[125.4453677,43.7633152],[125.4450447,43.7641972],[125.4447217,43.7650791]]}},{"type":"Feature","properties":{"layer":"trunk","name":"珲阿线","detail_level":1,"route_related":true,"fragment":"a"},"geometry":{"type":"LineString","coordinates":[[125.2427374,43.9940301],[125.2419132,43.9948469],[125.241089,43.9956637],[125.2402648,43.9964805],[125.2395121,43.9973115],[125.2387594,43.9981425],[125.2380067,43.9989735],[125.237254,43.9998045],[125.2365013,44.0006356],[125.2357486,44.0014666],[125.2349959,44.0022976],[125.2342432,44.0031286],[125.2335176,44.003972],[125.232792,44.0048153]]}},{"type":"Feature","properties":{"layer":"trunk","name":"珲阿线","detail_level":1,"route_related":true,"fragment":"b"},"geometry":{"type":"LineString","coordinates":[[125.232792,44.0048153],[125.2320664,44.0056587],[125.2313407,44.0065021],[125.2306151,44.0073455],[125.2298895,44.0081888],[125.2291639,44.0090322],[125.2284448,44.0099336],[125.2277257,44.010835],[125.2270066,44.0117364],[125.2262875,44.0126378],[125.2255683,44.0135392],[125.2248492,44.0144406],[125.2241301,44.015342],[125.223411,44.0162434]]}},{"type":"Feature","properties":{"layer":"trunk","name":"珲阿线","detail_level":1,"route_related":true,"fragment":"a"},"geometry":{"type":"LineString","coordinates":[[125.223411,44.0162434],[125.2225105,44.0171217],[125.2216099,44.018],[125.2207093,44.0188783],[125.2198088,44.0197566],[125.2189082,44.0206349],[125.2180077,44.0215132],[125.2171072,44.0223914],[125.2162066,44.0232697],[125.2153061,44.024148],[125.2144055,44.0250263],[125.213505,44.0259046],[125.2126044,44.0267829],[125.211757,44.0275954]]}},{"type":"Feature","properties":{"layer":"trunk","name":"珲阿线","detail_level":1,"route_related":true,"fragment":"b"},"geometry":{"type":"LineString","coordinates":[[125.211757,44.0275954],[125.2109096,44.0284079],[125.2100622,44.0292204],[125.2092149,44.0300328],[125.2083675,44.0308453],[125.2075201,44.0316578],[125.2066727,44.0324703],[125.2057133,44.0333112],[125.204754,44.0341521],[125.2037946,44.034993],[125.2028352,44.0358339],[125.2018758,44.0366748],[125.2009165,44.0375157],[125.1999571,44.0383566]]}},{"type":"Feature","properties":{"layer":"trunk","name":"珲阿线","detail_level":1,"route_related":true,"fragment":"a"},"geometry":{"type":"LineString","coordinates":[[125.1999571,44.0383566],[125.1989977,44.0391975],[125.1980383,44.0400384],[125.197079,44.0408792],[125.1961196,44.0417201],[125.1951602,44.042561],[125.1942008,44.0434019],[125.1932415,44.0442428],[125.1922821,44.0450837],[125.1913227,44.0459246],[125.1903633,44.0467655],[125.189404,44.0476064],[125.1884446,44.0484473],[125.1873699,44.0492599]]}},{"type":"Feature","properties":{"layer":"trunk","name":"珲阿线","detail_level":1,"route_related":true,"fragment":"b"},"geometry":{"type":"LineString","coordinates":[[125.1873699,44.0492599],[125.1862952,44.0500725],[125.1852205,44.0508851],[125.1841458,44.0516977],[125.1830712,44.0525104],[125.1819965,44.053323],[125.1809218,44.0541356],[125.1798471,44.0549482],[125.1787724,44.0557608],[125.1781875,44.0563967],[125.177921,44.056825],[125.1776294,44.0576123],[125.1774156,44.0587204],[125.1772018,44.0598285]]}},{"type":"Feature","properties":{"layer":"trunk","name":"珲阿线","detail_level":1,"route_related":true,"fragment":"a"},"geometry":{"type":"LineString","coordinates":[[125.1772018,44.0598285],[125.176988,44.0609365],[125.1767743,44.0620446],[125.1765605,44.0631527],[125.1763467,44.0642608],[125.1761329,44.0653688],[125.1759191,44.0664769],[125.1757053,44.067585],[125.1754915,44.0686931],[125.1752778,44.0698012],[125.175064,44.0709092],[125.1748502,44.0720173],[125.1746364,44.0731254],[125.1744032,44.0741604]]}},{"type":"Feature","properties":{"layer":"trunk","name":"珲阿线","detail_level":1,"route_related":true,"fragment":"b"},"geometry":{"type":"LineString","coordinates":[[125.1744032,44.0741604],[125.17417,44.0751953],[125.1739369,44.0762303],[125.1737037,44.0772652],[125.1734705,44.0783002],[125.1732373,44.0793351],[125.1730042,44.0803701],[125.172771,44.081405],[125.1725378,44.08244],[125.172292,44.0834442],[125.1720462,44.0844484],[125.1718005,44.0854526],[125.1715547,44.0864568],[125.1710448,44.0874482]]}},{"type":"Feature","properties":{"layer":"trunk","name":"西部快速路","detail_level":1,"route_related":true,"fragment":"a"},"geometry":{"type":"LineString","coordinates":[[125.2730244,43.8794528],[125.2736265,43.8803235],[125.2742286,43.8811941],[125.2748308,43.8820647],[125.2754329,43.8829354],[125.2760433,43.8839314],[125.2766537,43.8849274],[125.277264,43.8859235],[125.2778744,43.8869195],[125.2784848,43.8879155],[125.2791516,43.8888898],[125.2798183,43.8898642],[125.2804851,43.8908385],[125.2811519,43.8918129],[125.2818187,43.8927872],[125.2824854,43.8937615],[125.2831522,43.8947359],[125.283819,43.8957102],[125.2842538,43.8966025],[125.2844003,43.8972122],[125.2845469,43.8978218],[125.2846682,43.8989172]]}},{"type":"Feature","properties":{"layer":"trunk","name":"西部快速路","detail_level":1,"route_related":true,"fragment":"b"},"geometry":{"type":"LineString","coordinates":[[125.2846682,43.8989172],[125.2847895,43.9000126],[125.2849109,43.9011079],[125.2850322,43.9022033],[125.2851535,43.9032987],[125.2852748,43.9043941],[125.2853961,43.9054895],[125.2855175,43.9065848],[125.2856388,43.9076802],[125.2857601,43.9087756],[125.2858814,43.909871],[125.2860028,43.9109663],[125.2861241,43.9120617],[125.2862454,43.9131571],[125.2863306,43.9142338],[125.2864157,43.9153105],[125.2865008,43.9163872],[125.286586,43.9174639],[125.2866712,43.9185405],[125.2867563,43.9196172],[125.2868414,43.9206939],[125.2869266,43.9217706]]}},{"type":"Feature","properties":{"layer":"trunk","name":"净月大街","detail_level":1,"route_related":true,"fragment":"a"},"geometry":{"type":"LineString","coordinates":[[125.4434559,43.7987012],[125.4425194,43.7978821],[125.4415829,43.797063],[125.4406465,43.7962438],[125.43971,43.7954247],[125.4387735,43.7946056],[125.4380318,43.7938726],[125.4372901,43.7931395],[125.4365484,43.7924065],[125.4358067,43.7916734],[125.435065,43.7909404],[125.4340822,43.7901778],[125.4330993,43.7894151],[125.4321165,43.7886525],[125.4316194,43.7880019],[125.4314084,43.7874119],[125.4313691,43.7869266],[125.4314679,43.7858217],[125.4315668,43.7847168],[125.4317474,43.7842108],[125.4321086,43.7837654],[125.4329383,43.7831896],[125.4339683,43.7828282],[125.4349983,43.7824667]]}},{"type":"Feature","properties":{"layer":"trunk","name":"净月大街","detail_level":1,"route_related":true,"fragment":"b"},"geometry":{"type":"LineString","coordinates":[[125.4349983,43.7824667],[125.4360604,43.7818999],[125.4370576,43.781114],[125.4380549,43.7803281],[125.4390522,43.7795421],[125.4400494,43.7787562],[125.4410467,43.7779703],[125.4420439,43.7771844],[125.4424722,43.7767754],[125.442792,43.7763194],[125.4429817,43.7758654],[125.443205,43.7748129],[125.4434284,43.7737604],[125.4436517,43.7727078],[125.4438751,43.7716553],[125.4440984,43.7706028],[125.4441644,43.7697612],[125.4442303,43.7689195],[125.4442963,43.7680779],[125.4439915,43.7675162],[125.4439572,43.7667458],[125.4440365,43.7663976],[125.4443812,43.7657756],[125.44464,43.7650653]]}},{"type":"Feature","properties":{"layer":"trunk","name":"净月大街","detail_level":1,"route_related":true,"fragment":"a"},"geometry":{"type":"LineString","coordinates":[[125.4447217,43.7650791],[125.4443775,43.7659402],[125.4440334,43.7668012],[125.4440606,43.7673832],[125.4443818,43.7680264],[125.444321,43.7688931],[125.4442603,43.7697597],[125.4441995,43.7706264],[125.4439809,43.7716505],[125.4437622,43.7726746],[125.4435436,43.7736986],[125.4433249,43.7747227],[125.4431063,43.7757468],[125.4429192,43.7762617],[125.4425349,43.7768303],[125.4422094,43.7771585],[125.4411865,43.7779654],[125.4401636,43.7787723],[125.4391407,43.7795792],[125.4381178,43.780386],[125.4370949,43.7811929],[125.436072,43.7819998],[125.4349495,43.7825832],[125.4340021,43.7829062]]}},{"type":"Feature","properties":{"layer":"trunk","name":"净月大街","detail_level":1,"route_related":true,"fragment":"b"},"geometry":{"type":"LineString","coordinates":[[125.4340021,43.7829062],[125.4330547,43.7832291],[125.4321893,43.783815],[125.4318288,43.7842525],[125.4316514,43.7847757],[125.4315598,43.7858178],[125.4314681,43.7868599],[125.4314792,43.7872773],[125.4316062,43.7877337],[125.4318571,43.788218],[125.4321769,43.78859],[125.4330943,43.7892993],[125.4340117,43.7900087],[125.4349291,43.790718],[125.4357135,43.7914867],[125.4364979,43.7922555],[125.4372824,43.7930242],[125.4380668,43.793793],[125.4388512,43.7945617],[125.4397892,43.7953775],[125.4407273,43.7961933],[125.4416653,43.7970092],[125.4426034,43.797825],[125.4435414,43.7986408]]}},{"type":"Feature","properties":{"layer":"trunk","name":"青年路","detail_level":1,"route_related":true,"fragment":"a"},"geometry":{"type":"LineString","coordinates":[[125.2801654,43.9599781],[125.279489,43.9607327],[125.2788125,43.9614874],[125.2781361,43.9622421],[125.2774596,43.9629967],[125.2763911,43.9637718],[125.2753225,43.964547],[125.274254,43.9653221],[125.2731854,43.9660973],[125.2721169,43.9668724],[125.2710483,43.9676475],[125.2699798,43.9684227],[125.2689112,43.9691978],[125.2682108,43.9697711],[125.2672662,43.970658],[125.2663216,43.971545],[125.265485,43.972434],[125.2646483,43.973323],[125.26378,43.9741699],[125.2629117,43.9750168]]}},{"type":"Feature","properties":{"layer":"trunk","name":"青年路","detail_level":1,"route_related":true,"fragment":"b"},"geometry":{"type":"LineString","coordinates":[[125.2629117,43.9750168],[125.2620434,43.9758637],[125.2611751,43.9767106],[125.2603068,43.9775575],[125.2594385,43.9784044],[125.2585702,43.9792513],[125.2577019,43.9800982],[125.2568336,43.9809451],[125.2559653,43.981792],[125.2550342,43.982653],[125.2541032,43.9835141],[125.2531721,43.9843751],[125.252241,43.9852362],[125.25131,43.9860973],[125.2503789,43.9869583],[125.2494478,43.9878194],[125.2485167,43.9886804],[125.2475857,43.9895415],[125.2466546,43.9904025]]}},{"type":"Feature","properties":{"layer":"trunk","name":"净月大街","detail_level":1,"route_related":true,"fragment":"a"},"geometry":{"type":"LineString","coordinates":[[125.4030008,43.8362637],[125.4038613,43.8360296],[125.4047217,43.8357954],[125.4058209,43.8354198],[125.4069201,43.8350443],[125.4080193,43.8346687],[125.4092853,43.8341937],[125.4105513,43.8337187],[125.4118173,43.8332437],[125.4130832,43.8327686],[125.4143492,43.8322936],[125.4156152,43.8318186],[125.4168812,43.8313436],[125.4181794,43.8308225],[125.4193785,43.8301663],[125.4204209,43.8294127],[125.4214633,43.828659],[125.4225057,43.8279054],[125.4235481,43.8271517],[125.4245906,43.8263981]]}},{"type":"Feature","properties":{"layer":"trunk","name":"净月大街","detail_level":1,"route_related":true,"fragment":"b"},"geometry":{"type":"LineString","coordinates":[[125.4245906,43.8263981],[125.425633,43.8256445],[125.4266754,43.8248908],[125.4277178,43.8241372],[125.4287602,43.8233835],[125.4298026,43.8226299],[125.4305965,43.8220055],[125.4313904,43.821381],[125.432094,43.8205252],[125.4327977,43.8196693],[125.4335258,43.8187325],[125.4342538,43.8177956],[125.4349819,43.8168588],[125.43571,43.8159219],[125.436438,43.8149851],[125.4371661,43.8140483],[125.4378942,43.8131114],[125.4386223,43.8121746],[125.4393503,43.8112377],[125.4400784,43.8103009]]}},{"type":"Feature","properties":{"layer":"trunk","name":"西部快速路","detail_level":1,"route_related":true,"fragment":"a"},"geometry":{"type":"LineString","coordinates":[[125.2869452,43.9220951],[125.2870119,43.9232122],[125.2870786,43.9243293],[125.2871453,43.9254463],[125.287212,43.9265634],[125.2872788,43.9276805],[125.2873455,43.9287976],[125.2874122,43.9299147],[125.2874789,43.9310317],[125.2875456,43.9321488],[125.2876123,43.9332659],[125.287679,43.934383],[125.2877457,43.9355],[125.2878124,43.9366171]]}},{"type":"Feature","properties":{"layer":"trunk","name":"西部快速路","detail_level":1,"route_related":true,"fragment":"b"},"geometry":{"type":"LineString","coordinates":[[125.2878124,43.9366171],[125.2878791,43.9377342],[125.2879459,43.9388513],[125.2880126,43.9399684],[125.2880793,43.9410854],[125.288146,43.9422025],[125.2882127,43.9433196],[125.2882992,43.944304],[125.2883857,43.9452883],[125.2884722,43.9462727],[125.2884784,43.9470269],[125.2883952,43.9476968],[125.288312,43.9483668]]}},{"type":"Feature","properties":{"layer":"trunk","name":"西部快速路","detail_level":1,"route_related":true},"geometry":{"type":"LineString","coordinates":[[125.288312,43.9483668],[125.2881857,43.948928],[125.2880594,43.9494892],[125.2878061,43.9502447],[125.2875528,43.9510002],[125.2872494,43.9515856],[125.2869461,43.9521709],[125.2865414,43.9527554],[125.2861368,43.9533399],[125.2854921,43.954085],[125.2848474,43.9548301],[125.2842026,43.9555752],[125.2835579,43.9563203],[125.2833675,43.9566178]]}},{"type":"Feature","properties":{"layer":"trunk","name":"世纪广场","detail_level":1,"route_related":true},"geometry":{"type":"LineString","coordinates":[[125.3978153,43.8384963],[125.3970568,43.8383674],[125.3964459,43.838034],[125.3961892,43.8376837],[125.3961542,43.8371203],[125.396287,43.8367923],[125.3967057,43.8363877],[125.3971909,43.8361706],[125.3978691,43.836086],[125.3984319,43.8361686],[125.3990599,43.8364915],[125.3993482,43.8368412],[125.3994564,43.8372539],[125.3994112,43.8376334],[125.3992474,43.8379043],[125.3989973,43.8381384],[125.3985099,43.8383851],[125.3978153,43.8384963]]}},{"type":"Feature","properties":{"layer":"trunk","name":"净月大街","detail_level":1,"route_related":true},"geometry":{"type":"LineString","coordinates":[[125.4424805,43.8064612],[125.4430394,43.805426],[125.4435982,43.8043909],[125.4441571,43.8033557],[125.4447159,43.8023206],[125.4452748,43.8012854],[125.445302,43.8007639],[125.4450898,43.8003175],[125.4446577,43.7997793]]}},{"type":"Feature","properties":{"layer":"trunk","name":"青年路","detail_level":1,"route_related":true},"geometry":{"type":"LineString","coordinates":[[125.2466546,43.9904025],[125.2458347,43.9910358],[125.2451176,43.9917332],[125.2444004,43.9924305],[125.2436833,43.9931279],[125.2429661,43.9938252]]}},{"type":"Feature","properties":{"layer":"trunk","name":"净月大街","detail_level":1,"route_related":true},"geometry":{"type":"LineString","coordinates":[[125.4400784,43.8103009],[125.4405551,43.8096802],[125.4410317,43.8090594],[125.4415146,43.8081933],[125.4419976,43.8073273],[125.4424805,43.8064612]]}},{"type":"Feature","properties":{"layer":"trunk","name":"净月大街","detail_level":1,"route_related":true},"geometry":{"type":"LineString","coordinates":[[125.4446577,43.7997793],[125.4439239,43.7991187]]}},{"type":"Feature","properties":{"layer":"trunk","name":"净月大街","detail_level":1,"route_related":true},"geometry":{"type":"LineString","coordinates":[[125.4439239,43.7991187],[125.4434559,43.7987012]]}},{"type":"Feature","properties":{"layer":"trunk","name":"西部快速路","detail_level":1,"route_related":true},"geometry":{"type":"LineString","coordinates":[[125.2869266,43.9217706],[125.2869452,43.9220951]]}},{"type":"Feature","properties":{"layer":"trunk","name":"珲阿线","detail_level":1,"route_related":true},"geometry":{"type":"LineString","coordinates":[[125.2429661,43.9938252],[125.2427374,43.9940301]]}},{"type":"Feature","properties":{"layer":"trunk","name":null,"detail_level":1,"route_related":true},"geometry":{"type":"LineString","coordinates":[[125.3956658,43.8436807],[125.3959871,43.8426752],[125.3963084,43.8416696],[125.3966296,43.8406641],[125.3969509,43.8396585],[125.3972722,43.838653],[125.3974518,43.8382501],[125.3978589,43.8377179],[125.3986563,43.8371858],[125.399264,43.8369643],[125.4005096,43.8367308],[125.4017552,43.8364972],[125.4030008,43.8362637]]}},{"type":"Feature","properties":{"layer":"trunk","name":null,"detail_level":1,"route_related":true},"geometry":{"type":"LineString","coordinates":[[125.27603,43.8837512],[125.2765152,43.8845165],[125.2770005,43.8852819],[125.2774857,43.8860472],[125.2779107,43.8870029]]}},{"type":"Feature","properties":{"layer":"trunk","name":null,"detail_level":1,"route_related":true},"geometry":{"type":"LineString","coordinates":[[125.2847501,43.8984484],[125.2848525,43.8991988],[125.2849549,43.8999491],[125.2850573,43.9006995],[125.2849551,43.9014273]]}},{"type":"Feature","properties":{"layer":"trunk","name":null,"detail_level":1,"route_related":true},"geometry":{"type":"LineString","coordinates":[[125.3953552,43.8443814],[125.3954765,43.8442373],[125.3956658,43.8436807]]}},{"type":"Feature","properties":{"layer":"trunk","name":null,"detail_level":1,"route_related":true},"geometry":{"type":"LineString","coordinates":[[125.2879295,43.9504664],[125.2875528,43.9510002]]}},{"type":"Feature","properties":{"layer":"trunk","name":null,"detail_level":1,"route_related":true},"geometry":{"type":"LineString","coordinates":[[125.2758761,43.8833622],[125.27603,43.8837512]]}},{"type":"Feature","properties":{"layer":"trunk","name":null,"detail_level":1,"route_related":true},"geometry":{"type":"LineString","coordinates":[[125.2846623,43.8982746],[125.2847501,43.8984484]]}},{"type":"Feature","properties":{"layer":"trunk","name":"龙东线","detail_level":1,"route_related":true,"fragment":"a"},"geometry":{"type":"LineString","coordinates":[[125.44464,43.7650653],[125.4449871,43.7641301],[125.4453342,43.763195],[125.4458463,43.7624761],[125.4463583,43.7617573],[125.4467418,43.7609376],[125.4471252,43.7601178],[125.4478841,43.7592663],[125.4484899,43.7587584],[125.4490956,43.7582504],[125.4495753,43.7577199],[125.4500485,43.756828],[125.4505217,43.7559361],[125.450995,43.7550441]]}},{"type":"Feature","properties":{"layer":"trunk","name":"龙东线","detail_level":1,"route_related":true,"fragment":"b"},"geometry":{"type":"LineString","coordinates":[[125.450995,43.7550441],[125.4514682,43.7541522],[125.4519414,43.7532603],[125.4522233,43.7528551],[125.4529415,43.7520935],[125.4539642,43.7512624],[125.4549869,43.7504312],[125.4560096,43.7496001],[125.4570323,43.7487689],[125.458055,43.7479378],[125.4590776,43.7471066],[125.4601003,43.7462755],[125.461123,43.7454444],[125.4621457,43.7446132]]}},{"type":"Feature","properties":{"layer":"trunk","name":"龙东线","detail_level":1,"route_related":true,"fragment":"a"},"geometry":{"type":"LineString","coordinates":[[125.4621457,43.7446132],[125.4631684,43.7437821],[125.4641911,43.7429509],[125.4652138,43.7421198],[125.465951,43.7414208],[125.4663494,43.7408568],[125.4667397,43.7400378],[125.46713,43.7392188],[125.4675203,43.7383998],[125.4679106,43.7375808],[125.4684418,43.7365723],[125.468973,43.7355638],[125.469553,43.7348882],[125.4703778,43.734225]]}},{"type":"Feature","properties":{"layer":"trunk","name":"龙东线","detail_level":1,"route_related":true,"fragment":"b"},"geometry":{"type":"LineString","coordinates":[[125.4703778,43.734225],[125.4712027,43.7335617],[125.4720275,43.7328985],[125.4726265,43.7323227],[125.4732445,43.7315256],[125.4736559,43.7305557],[125.4740673,43.7295859],[125.4744788,43.728616],[125.4748902,43.7276462],[125.4753016,43.7266763],[125.4757624,43.7258988],[125.4765983,43.7250405],[125.4774342,43.7241822]]}},{"type":"Feature","properties":{"layer":"trunk","name":"龙东线","detail_level":1,"route_related":true,"fragment":"a"},"geometry":{"type":"LineString","coordinates":[[125.4774342,43.7241822],[125.47827,43.7233238],[125.4791059,43.7224655],[125.4799418,43.7216072],[125.4807777,43.7207489],[125.4816135,43.7198905],[125.4824494,43.7190322],[125.4832853,43.7181739],[125.4837748,43.7176171],[125.4842642,43.7170602],[125.4850324,43.7161112],[125.4858006,43.7151622],[125.4865688,43.7142133],[125.487337,43.7132643]]}},{"type":"Feature","properties":{"layer":"trunk","name":"龙东线","detail_level":1,"route_related":true,"fragment":"b"},"geometry":{"type":"LineString","coordinates":[[125.487337,43.7132643],[125.4881052,43.7123153],[125.4887282,43.7113423],[125.4893511,43.7103693],[125.4899741,43.7093963],[125.490597,43.7084233],[125.49122,43.7074503],[125.4918429,43.7064773],[125.4924659,43.7055043],[125.4929597,43.704993],[125.4937497,43.7043157],[125.4945397,43.7036385],[125.4953296,43.7029613]]}},{"type":"Feature","properties":{"layer":"trunk","name":"龙东线","detail_level":1,"route_related":true,"fragment":"a"},"geometry":{"type":"LineString","coordinates":[[125.4953296,43.7029613],[125.4961196,43.702284],[125.4966435,43.70157],[125.4971896,43.7007007],[125.4977358,43.6998315],[125.4982819,43.6989622],[125.4988019,43.6983523],[125.4993218,43.6977424],[125.4997709,43.6973174],[125.5008296,43.6965098],[125.5018883,43.6957022],[125.502947,43.6948947],[125.5040057,43.6940871],[125.5050644,43.6932795]]}},{"type":"Feature","properties":{"layer":"trunk","name":"龙东线","detail_level":1,"route_related":true,"fragment":"b"},"geometry":{"type":"LineString","coordinates":[[125.5050644,43.6932795],[125.5061029,43.6924903],[125.5071414,43.6917011],[125.5081798,43.6909119],[125.5092183,43.6901227],[125.5102568,43.6893336],[125.5112953,43.6885444],[125.5123338,43.6877552],[125.5133722,43.686966],[125.5144107,43.6861768],[125.5154492,43.6853876],[125.5163948,43.6847057],[125.5173403,43.6840239]]}},{"type":"Feature","properties":{"layer":"trunk","name":"龙东线","detail_level":1,"route_related":true,"fragment":"a"},"geometry":{"type":"LineString","coordinates":[[125.5173403,43.6840239],[125.5179567,43.6836772],[125.5185732,43.6833304],[125.5197475,43.6827542],[125.5209218,43.6821779],[125.5220961,43.6816017],[125.5232704,43.6810254],[125.5244446,43.6804492],[125.5256189,43.679873],[125.5267932,43.6792967],[125.5279675,43.6787205],[125.5289386,43.678069],[125.5295091,43.6774439],[125.5301969,43.6765153]]}},{"type":"Feature","properties":{"layer":"trunk","name":"龙东线","detail_level":1,"route_related":true,"fragment":"b"},"geometry":{"type":"LineString","coordinates":[[125.5301969,43.6765153],[125.5308847,43.6755868],[125.5315724,43.6746582],[125.5322602,43.6737296],[125.532948,43.672801],[125.5336358,43.6718724],[125.5343236,43.6709439],[125.5350114,43.6700153],[125.5356991,43.6690867],[125.5363869,43.6681581],[125.5370747,43.6672296],[125.5377625,43.666301],[125.5383541,43.6655938],[125.5389991,43.665047]]}},{"type":"Feature","properties":{"layer":"trunk","name":"龙东线","detail_level":1,"route_related":true,"fragment":"a"},"geometry":{"type":"LineString","coordinates":[[125.5389991,43.665047],[125.5397755,43.6645953],[125.5403712,43.6643635],[125.5416677,43.6639792],[125.5429641,43.663595],[125.5442606,43.6632107],[125.5455571,43.6628265],[125.5468535,43.6624422],[125.54815,43.6620579],[125.5494465,43.6616737],[125.550743,43.6612894],[125.5520394,43.6609052],[125.5533359,43.6605209],[125.5544458,43.6600395]]}},{"type":"Feature","properties":{"layer":"trunk","name":"龙东线","detail_level":1,"route_related":true,"fragment":"b"},"geometry":{"type":"LineString","coordinates":[[125.5544458,43.6600395],[125.5549363,43.6596918],[125.5554602,43.6592042],[125.5561609,43.658241],[125.5568247,43.6572288],[125.5574885,43.6562166],[125.5581523,43.6552044],[125.5588161,43.6541922],[125.5594799,43.65318],[125.5601437,43.6521678],[125.5608075,43.6511556],[125.5614713,43.6501434],[125.5621351,43.6491312]]}},{"type":"Feature","properties":{"layer":"trunk","name":"龙东线","detail_level":1,"route_related":true,"fragment":"a"},"geometry":{"type":"LineString","coordinates":[[125.5621351,43.6491312],[125.5627989,43.648119],[125.5634627,43.6471068],[125.5641265,43.6460946],[125.5647903,43.6450823],[125.5654541,43.6440701],[125.5661179,43.6430579],[125.5667817,43.6420457],[125.5674455,43.6410335],[125.5681093,43.6400213],[125.5687731,43.6390091],[125.5694369,43.6379969],[125.5701007,43.6369847],[125.5707645,43.6359725]]}},{"type":"Feature","properties":{"layer":"trunk","name":"龙东线","detail_level":1,"route_related":true,"fragment":"b"},"geometry":{"type":"LineString","coordinates":[[125.5707645,43.6359725],[125.5714283,43.6349603],[125.5720921,43.6339481],[125.5727559,43.6329359],[125.5734197,43.6319237],[125.574077,43.6309331],[125.5747343,43.6299424],[125.5753915,43.6289518],[125.5760488,43.6279612],[125.5767061,43.6269706],[125.5773634,43.6259799],[125.5780207,43.6249893],[125.5786779,43.6239987]]}},{"type":"Feature","properties":{"layer":"trunk","name":"龙东线","detail_level":1,"route_related":true,"fragment":"a"},"geometry":{"type":"LineString","coordinates":[[125.5786779,43.6239987],[125.5793352,43.623008],[125.5799925,43.6220174],[125.5806498,43.6210268],[125.5813071,43.6200361],[125.5819643,43.6190455],[125.5826216,43.6180549],[125.5832789,43.6170642],[125.5839362,43.6160736],[125.5845935,43.615083],[125.5852507,43.6140924],[125.585908,43.6131017],[125.5865653,43.6121111],[125.586859,43.6112897]]}},{"type":"Feature","properties":{"layer":"trunk","name":"龙东线","detail_level":1,"route_related":true,"fragment":"b"},"geometry":{"type":"LineString","coordinates":[[125.586859,43.6112897],[125.5870171,43.6104978],[125.5870238,43.6096328],[125.5868035,43.6085601],[125.5863554,43.607609],[125.5859073,43.6066579],[125.5854591,43.6057067],[125.585011,43.6047556],[125.5845629,43.6038045],[125.5841148,43.6028534],[125.5836666,43.6019022],[125.5832185,43.6009511],[125.5827704,43.6]]}},{"type":"Feature","properties":{"layer":"trunk","name":"珲阿线","detail_level":1,"route_related":true,"fragment":"a"},"geometry":{"type":"LineString","coordinates":[[125.1710448,44.0874482],[125.1714466,44.0864312],[125.1717245,44.0853526],[125.1719576,44.0843655],[125.1721906,44.0833784],[125.1724237,44.0823913],[125.1726567,44.0814041],[125.1728898,44.080417],[125.1731228,44.0794299],[125.1733559,44.0784428],[125.1735794,44.0773757],[125.1738029,44.0763086],[125.1740263,44.0752416],[125.1742498,44.0741745],[125.1744733,44.0731074]]}},{"type":"Feature","properties":{"layer":"trunk","name":"珲阿线","detail_level":1,"route_related":true,"fragment":"b"},"geometry":{"type":"LineString","coordinates":[[125.1744733,44.0731074],[125.1746821,44.0720163],[125.1748909,44.0709252],[125.1750996,44.0698341],[125.1753084,44.0687431],[125.1755172,44.067652],[125.175726,44.0665609],[125.1759348,44.0654698],[125.1761435,44.0643787],[125.1763523,44.0632876],[125.1765611,44.0621965],[125.1767699,44.0611055],[125.1769786,44.0600144],[125.1771874,44.0589233]]}},{"type":"Feature","properties":{"layer":"trunk","name":"珲阿线","detail_level":1,"route_related":true,"fragment":"a"},"geometry":{"type":"LineString","coordinates":[[125.1771874,44.0589233],[125.1773962,44.0578322],[125.1777627,44.0567977],[125.1782286,44.0561012],[125.1786531,44.0557076],[125.179569,44.0549977],[125.1804848,44.0542878],[125.1814007,44.053578],[125.1823166,44.0528681],[125.1833191,44.0521155],[125.1843216,44.0513629],[125.1853241,44.0506102],[125.1863266,44.0498576],[125.1873291,44.049105]]}},{"type":"Feature","properties":{"layer":"trunk","name":"珲阿线","detail_level":1,"route_related":true,"fragment":"b"},"geometry":{"type":"LineString","coordinates":[[125.1873291,44.049105],[125.1883316,44.0483524],[125.1892929,44.0475121],[125.1902541,44.0466717],[125.1912154,44.0458314],[125.1921766,44.0449911],[125.1931379,44.0441508],[125.1940991,44.0433104],[125.1950604,44.0424701],[125.1960217,44.0416298],[125.1969829,44.0407895],[125.1979442,44.0399491],[125.1989054,44.0391088],[125.1998667,44.0382685]]}},{"type":"Feature","properties":{"layer":"trunk","name":"珲阿线","detail_level":1,"route_related":true,"fragment":"a"},"geometry":{"type":"LineString","coordinates":[[125.1998667,44.0382685],[125.200828,44.0374282],[125.2017892,44.0365878],[125.2027505,44.0357475],[125.2037117,44.0349072],[125.204673,44.0340669],[125.2056342,44.0332265],[125.2065955,44.0323862],[125.2074377,44.0315741],[125.2082799,44.0307621],[125.2091221,44.02995],[125.2099644,44.0291379],[125.2108066,44.0283258],[125.2116488,44.0275138],[125.212491,44.0267017]]}},{"type":"Feature","properties":{"layer":"trunk","name":"珲阿线","detail_level":1,"route_related":true,"fragment":"b"},"geometry":{"type":"LineString","coordinates":[[125.212491,44.0267017],[125.2132748,44.0259266],[125.2140586,44.0251516],[125.2148423,44.0243765],[125.2156261,44.0236014],[125.2164099,44.0228264],[125.2171937,44.0220513],[125.2180645,44.0212121],[125.2189353,44.0203728],[125.2198061,44.0195336],[125.2206769,44.0186944],[125.2215477,44.0178552],[125.2224185,44.0170159],[125.2232893,44.0161767]]}},{"type":"Feature","properties":{"layer":"trunk","name":"珲阿线","detail_level":1,"route_related":true,"fragment":"a"},"geometry":{"type":"LineString","coordinates":[[125.2232893,44.0161767],[125.2240062,44.0152733],[125.224723,44.01437],[125.2254399,44.0134666],[125.2261568,44.0125632],[125.2268736,44.0116598],[125.2275905,44.0107565],[125.2283073,44.0098531],[125.2290242,44.0089497],[125.2297472,44.0081082],[125.2304701,44.0072666],[125.2311931,44.0064251],[125.231916,44.0055835],[125.232639,44.004742]]}},{"type":"Feature","properties":{"layer":"trunk","name":"珲阿线","detail_level":1,"route_related":true,"fragment":"b"},"geometry":{"type":"LineString","coordinates":[[125.232639,44.004742],[125.2333619,44.0039004],[125.2340849,44.0030589],[125.2348737,44.0021899],[125.2356626,44.0013209],[125.2364515,44.0004519],[125.2372403,43.9995828],[125.2380291,43.9987138],[125.238818,43.9978448],[125.2396069,43.9969758],[125.2403957,43.9961068],[125.2411315,43.9953863],[125.2418674,43.9946658],[125.2426032,43.9939453]]}},{"type":"Feature","properties":{"layer":"trunk","name":"长伊公路","detail_level":1,"route_related":false,"fragment":"a"},"geometry":{"type":"LineString","coordinates":[[125.2892693,43.7225847],[125.2892658,43.7215344],[125.2892623,43.7204841],[125.2892588,43.7194339],[125.2892552,43.7183836],[125.2892517,43.7173333],[125.2892482,43.716283],[125.2892447,43.7152327],[125.2892412,43.7141825],[125.2892377,43.7131322],[125.2892342,43.7120819],[125.2892306,43.7110316],[125.2892271,43.7099814],[125.2892236,43.7089311],[125.2892201,43.7078808]]}},{"type":"Feature","properties":{"layer":"trunk","name":"长伊公路","detail_level":1,"route_related":false,"fragment":"b"},"geometry":{"type":"LineString","coordinates":[[125.2892201,43.7078808],[125.2892255,43.7067916],[125.2892309,43.7057025],[125.2892362,43.7046133],[125.2892416,43.7035242],[125.289247,43.702435],[125.2892524,43.7013458],[125.2892577,43.7002567],[125.2892631,43.6991675],[125.2892685,43.6980784],[125.2892739,43.6969892],[125.2892792,43.6959001],[125.2892846,43.6948109],[125.28929,43.6937217]]}},{"type":"Feature","properties":{"layer":"trunk","name":"长伊公路","detail_level":1,"route_related":false,"fragment":"a"},"geometry":{"type":"LineString","coordinates":[[125.28929,43.6937217],[125.2892954,43.6926326],[125.2893007,43.6915434],[125.2893061,43.6904543],[125.2893115,43.6893651],[125.2893536,43.6883922],[125.2893957,43.6874192],[125.2894379,43.6864463],[125.28948,43.6854733],[125.2895221,43.6845004],[125.289692,43.6834545],[125.2898619,43.6824085],[125.2900318,43.6813626],[125.2902725,43.6803464]]}},{"type":"Feature","properties":{"layer":"trunk","name":"长伊公路","detail_level":1,"route_related":false,"fragment":"b"},"geometry":{"type":"LineString","coordinates":[[125.2902725,43.6803464],[125.2905131,43.6793302],[125.2907537,43.6783141],[125.2909944,43.6772979],[125.2913306,43.6762612],[125.2916669,43.6752244],[125.2920031,43.6741877],[125.2923393,43.673151],[125.2926756,43.6721142],[125.2930118,43.6710775],[125.2932115,43.670142],[125.2934113,43.6692065],[125.2936111,43.6682711],[125.2938108,43.6673356]]}},{"type":"Feature","properties":{"layer":"trunk","name":"长伊公路","detail_level":1,"route_related":false,"fragment":"a"},"geometry":{"type":"LineString","coordinates":[[125.2938108,43.6673356],[125.2939587,43.6663104],[125.2941066,43.6652851],[125.2942545,43.6642599],[125.2944024,43.6632346],[125.2944073,43.6621415],[125.2944122,43.6610484],[125.2944172,43.6599554],[125.2944221,43.6588623],[125.294427,43.6577692],[125.2943284,43.6569087],[125.2942298,43.6560483],[125.2941312,43.6551878],[125.2940326,43.6543274],[125.2938213,43.6532433]]}},{"type":"Feature","properties":{"layer":"trunk","name":"长伊公路","detail_level":1,"route_related":false,"fragment":"b"},"geometry":{"type":"LineString","coordinates":[[125.2938213,43.6532433],[125.2936101,43.6521592],[125.2933988,43.6510751],[125.2931875,43.6499911],[125.2929762,43.648907],[125.292765,43.6478229],[125.2925537,43.6467388],[125.2924428,43.6457399],[125.2923319,43.6447411],[125.2922949,43.6437066],[125.2922579,43.6426721],[125.2923096,43.6417962],[125.2923613,43.6409204],[125.292413,43.6400445]]}},{"type":"Feature","properties":{"layer":"trunk","name":"长伊公路","detail_level":1,"route_related":false,"fragment":"a"},"geometry":{"type":"LineString","coordinates":[[125.292413,43.6400445],[125.2925962,43.6389698],[125.2927794,43.637895],[125.293041,43.6369514],[125.2933027,43.6360077],[125.2935643,43.6350641],[125.2938745,43.6341528],[125.2941846,43.6332414],[125.2944948,43.6323301],[125.294805,43.6314188],[125.2951151,43.6305074],[125.2954253,43.6295961],[125.2956348,43.6287219],[125.2958443,43.6278477]]}},{"type":"Feature","properties":{"layer":"trunk","name":"长伊公路","detail_level":1,"route_related":false,"fragment":"b"},"geometry":{"type":"LineString","coordinates":[[125.2958443,43.6278477],[125.2959613,43.6270047],[125.2960784,43.6261617],[125.2960948,43.6252547],[125.2961113,43.6243477],[125.2961277,43.6234407],[125.2960659,43.6224443],[125.296004,43.621448],[125.2959422,43.6204516],[125.2958804,43.6194553],[125.2958185,43.6184589],[125.2957567,43.6174625],[125.2956948,43.6164662],[125.295633,43.6154698]]}},{"type":"Feature","properties":{"layer":"trunk","name":"长伊公路","detail_level":1,"route_related":false,"fragment":"a"},"geometry":{"type":"LineString","coordinates":[[125.2893089,43.7673476],[125.2893005,43.7663368],[125.2892921,43.765326],[125.2892836,43.7643152],[125.2892752,43.7633044],[125.2892668,43.7622937],[125.2892583,43.7612829],[125.2892499,43.7602721],[125.2892415,43.7592613],[125.2892425,43.7581376],[125.2892435,43.757014],[125.2892444,43.7558903],[125.2892454,43.7547667],[125.2892464,43.753643],[125.2892473,43.7525193],[125.2892483,43.7513957],[125.2892493,43.750272],[125.2892503,43.7491483],[125.2892513,43.7480247],[125.2892522,43.746901],[125.2892532,43.7457773]]}},{"type":"Feature","properties":{"layer":"trunk","name":"长伊公路","detail_level":1,"route_related":false,"fragment":"b"},"geometry":{"type":"LineString","coordinates":[[125.2892532,43.7457773],[125.2892542,43.7446537],[125.2892552,43.74353],[125.2892561,43.7424064],[125.2892571,43.7412827],[125.2892581,43.740159],[125.289259,43.7390354],[125.28926,43.7379117],[125.289261,43.7367881],[125.289262,43.7356644],[125.2892629,43.7345407],[125.2892639,43.7334171],[125.2892649,43.7322934],[125.2892659,43.7311697],[125.2892669,43.7300461],[125.2892678,43.7289224],[125.2892688,43.7277987],[125.2892698,43.7266751],[125.2892708,43.7255514],[125.2892717,43.7244278],[125.2892727,43.7233041]]}},{"type":"Feature","properties":{"layer":"trunk","name":"世纪快速路","detail_level":1,"route_related":false},"geometry":{"type":"LineString","coordinates":[[125.3801621,43.8233582],[125.3791056,43.8226015]]}},{"type":"Feature","properties":{"layer":"primary","name":"东环城路","detail_level":1,"route_related":true,"fragment":"a"},"geometry":{"type":"LineString","coordinates":[[125.369692,43.9302136],[125.3706726,43.9293707],[125.3716533,43.9285279],[125.3726339,43.927685],[125.3736145,43.9268422],[125.3745951,43.9259993],[125.3755757,43.9251565],[125.3765564,43.9243136],[125.377537,43.9234707],[125.3785176,43.9226279],[125.3794983,43.921785],[125.3804789,43.9209422],[125.3814595,43.9200993],[125.382008,43.9194159]]}},{"type":"Feature","properties":{"layer":"primary","name":"东环城路","detail_level":1,"route_related":true,"fragment":"b"},"geometry":{"type":"LineString","coordinates":[[125.382008,43.9194159],[125.3822823,43.9188186],[125.3825158,43.9177687],[125.3827493,43.9167188],[125.3829827,43.9156689],[125.3832162,43.914619],[125.3834497,43.9135691],[125.3836832,43.9125191],[125.3839167,43.9114692],[125.3841502,43.9104193],[125.3843836,43.9093694],[125.3846171,43.9083195],[125.3848506,43.9072696]]}},{"type":"Feature","properties":{"layer":"primary","name":"东环城路","detail_level":1,"route_related":true,"fragment":"a"},"geometry":{"type":"LineString","coordinates":[[125.3848506,43.9072696],[125.3850458,43.9063242],[125.385241,43.9053787],[125.3854362,43.9044333],[125.3856315,43.9034879],[125.3858267,43.9025424],[125.3860219,43.901597],[125.3862985,43.9006707],[125.3865171,43.8996377],[125.3867358,43.8986048],[125.3869544,43.8975718],[125.387173,43.8965389],[125.3873917,43.8955059],[125.3876103,43.894473]]}},{"type":"Feature","properties":{"layer":"primary","name":"东环城路","detail_level":1,"route_related":true,"fragment":"b"},"geometry":{"type":"LineString","coordinates":[[125.3876103,43.894473],[125.3878289,43.89344],[125.3880476,43.892407],[125.3882662,43.8913741],[125.3884848,43.8903411],[125.3887035,43.8893082],[125.3889221,43.8882752],[125.3888418,43.8872245],[125.3887615,43.8861739],[125.3886109,43.8851716],[125.3884604,43.8841692],[125.3883098,43.8831669],[125.3882089,43.882244]]}},{"type":"Feature","properties":{"layer":"primary","name":"东环城路","detail_level":1,"route_related":true,"fragment":"a"},"geometry":{"type":"LineString","coordinates":[[125.3882089,43.882244],[125.3881079,43.881321],[125.388007,43.8803981],[125.3881729,43.8796596],[125.3880443,43.8785908],[125.3880549,43.8781323],[125.3879896,43.877896],[125.3877608,43.8776131],[125.3877147,43.8774751],[125.3876032,43.8765011],[125.3874918,43.875527],[125.3873803,43.874553],[125.3873881,43.8742505],[125.3875955,43.8737188]]}},{"type":"Feature","properties":{"layer":"primary","name":"东环城路","detail_level":1,"route_related":true,"fragment":"b"},"geometry":{"type":"LineString","coordinates":[[125.3875955,43.8737188],[125.3876025,43.8734919],[125.3874754,43.8723834],[125.3873484,43.8712749],[125.3869116,43.8702117],[125.3868091,43.869326],[125.3867067,43.8684404],[125.3866042,43.8675547],[125.3866049,43.8671847],[125.3868135,43.8663487],[125.387022,43.8655128],[125.3872306,43.8646768],[125.3874392,43.8638408]]}},{"type":"Feature","properties":{"layer":"primary","name":"东环城路","detail_level":1,"route_related":true,"fragment":"b"},"geometry":{"type":"LineString","coordinates":[[125.3874392,43.8638408],[125.387642,43.8634946],[125.3878016,43.8628723],[125.387667,43.8622829],[125.3876727,43.8620534],[125.3878208,43.8614498],[125.3879688,43.8608461],[125.3885294,43.8598404],[125.3887855,43.8588666],[125.3890417,43.8578928],[125.3892979,43.856919],[125.389554,43.8559452],[125.3896559,43.8553534],[125.3901039,43.8544269],[125.3903748,43.8541523],[125.3908798,43.853184],[125.3913847,43.8522157],[125.3918897,43.8512474],[125.3923946,43.8502791],[125.3928996,43.8493108],[125.3934045,43.8483425],[125.3939095,43.8473742],[125.3944144,43.8464059],[125.3949194,43.8454376],[125.3953552,43.8443814]]}},{"type":"Feature","properties":{"layer":"primary","name":"东环城路","detail_level":1,"route_related":true,"fragment":"a"},"geometry":{"type":"LineString","coordinates":[[125.3965792,43.8415213],[125.396348,43.8422623],[125.3961167,43.8430032],[125.3958855,43.8437442],[125.3956242,43.8443961],[125.3950247,43.845414],[125.3945001,43.8464169],[125.3939754,43.8474197],[125.3934508,43.8484226],[125.3929262,43.8494255],[125.3924015,43.8504284],[125.3918769,43.8514312],[125.3913523,43.8524341],[125.3908277,43.853437],[125.390303,43.8544398],[125.3897784,43.8554427],[125.3895408,43.8563468],[125.3893032,43.8572509],[125.3890656,43.858155],[125.388828,43.8590591]]}},{"type":"Feature","properties":{"layer":"primary","name":"东环城路","detail_level":1,"route_related":true,"fragment":"b"},"geometry":{"type":"LineString","coordinates":[[125.388828,43.8590591],[125.3885904,43.8599632],[125.3886582,43.8602427],[125.3886113,43.8607432],[125.3884256,43.8614747],[125.3882399,43.8622061],[125.3881561,43.8625204],[125.387996,43.8627448],[125.3877639,43.863534],[125.3874861,43.8642009],[125.3872333,43.8651747],[125.3869805,43.8661486],[125.3867277,43.8671224],[125.3866857,43.8676274],[125.3867891,43.8684829],[125.3868926,43.8693384],[125.386996,43.8701939],[125.3874526,43.8712094],[125.3875467,43.8719414]]}},{"type":"Feature","properties":{"layer":"primary","name":"东环城路","detail_level":1,"route_related":true,"fragment":"a"},"geometry":{"type":"LineString","coordinates":[[125.3875467,43.8719414],[125.3876407,43.8726733],[125.3877216,43.8736995],[125.3874809,43.8742812],[125.3874668,43.8744623],[125.38758,43.8754683],[125.3876933,43.8764744],[125.3878065,43.8774804],[125.3879021,43.877687],[125.3881817,43.8780416],[125.3883834,43.8791386],[125.3883015,43.8793214],[125.3882914,43.8797712],[125.3881427,43.8803937],[125.3882759,43.8814869],[125.3884091,43.8825802],[125.3885423,43.8836734],[125.3886755,43.8847667],[125.3888087,43.8858599],[125.3889419,43.8869532]]}},{"type":"Feature","properties":{"layer":"primary","name":"东环城路","detail_level":1,"route_related":true,"fragment":"b"},"geometry":{"type":"LineString","coordinates":[[125.3889419,43.8869532],[125.3890751,43.8880464],[125.3889237,43.8888624],[125.3887722,43.8896784],[125.3885365,43.8907562],[125.3883008,43.8918339],[125.388065,43.8929117],[125.3878293,43.8939894],[125.3875936,43.8950672],[125.3873579,43.8961449],[125.3871222,43.8972227],[125.3868865,43.8983004],[125.3866507,43.8993782],[125.386415,43.9004559],[125.3861793,43.9015337],[125.3860727,43.9021307],[125.3859662,43.9027278],[125.3857454,43.903639],[125.3855245,43.9045502]]}},{"type":"Feature","properties":{"layer":"primary","name":"净月大街","detail_level":1,"route_related":true,"fragment":"a"},"geometry":{"type":"LineString","coordinates":[[125.4441308,43.798986],[125.4448919,43.7996469],[125.4452675,43.8001274],[125.4455035,43.8007239],[125.4454912,43.8011336],[125.4452996,43.8016389],[125.4447809,43.8026003],[125.4442622,43.8035618],[125.4437435,43.8045233],[125.4432248,43.8054847],[125.4427926,43.8064462],[125.4422372,43.807467],[125.4416818,43.8084878],[125.4410706,43.8094315],[125.4403861,43.8102863],[125.4397015,43.8111411]]}},{"type":"Feature","properties":{"layer":"primary","name":"净月大街","detail_level":1,"route_related":true,"fragment":"b"},"geometry":{"type":"LineString","coordinates":[[125.4397015,43.8111411],[125.439017,43.811996],[125.4383325,43.8128508],[125.437705,43.8136995],[125.4370774,43.8145482],[125.43696,43.8146202],[125.4362847,43.8154827],[125.4356093,43.8163452],[125.434934,43.8172077],[125.4342587,43.8180701],[125.4335833,43.8189326],[125.432908,43.8197951],[125.4323761,43.8204427],[125.4318442,43.8210902],[125.4311433,43.8218338]]}},{"type":"Feature","properties":{"layer":"primary","name":"净月大街","detail_level":1,"route_related":true,"fragment":"a"},"geometry":{"type":"LineString","coordinates":[[125.4311433,43.8218338],[125.4301179,43.8225716],[125.4290924,43.8233094],[125.428067,43.8240472],[125.4270415,43.824785],[125.4260161,43.8255228],[125.4249906,43.8262606],[125.4240824,43.8269538],[125.4231743,43.827647],[125.4222661,43.8283403],[125.4213579,43.8290335],[125.4207852,43.8295125],[125.4202126,43.8299915],[125.4196022,43.8303583],[125.4189919,43.8307252],[125.4181342,43.8311528]]}},{"type":"Feature","properties":{"layer":"primary","name":"净月大街","detail_level":1,"route_related":true,"fragment":"b"},"geometry":{"type":"LineString","coordinates":[[125.4181342,43.8311528],[125.4168868,43.8315946],[125.4156394,43.8320365],[125.414392,43.8324783],[125.4131446,43.8329202],[125.4117827,43.8334218],[125.4104207,43.8339235],[125.4090588,43.8344251],[125.4076969,43.8349267],[125.406335,43.8354283],[125.404973,43.83593],[125.4036111,43.8364316],[125.4022262,43.8367057],[125.4008413,43.8369798],[125.3994564,43.8372539]]}},{"type":"Feature","properties":{"layer":"primary","name":"青年路","detail_level":1,"route_related":true,"fragment":"a"},"geometry":{"type":"LineString","coordinates":[[125.2859245,43.9096929],[125.2860048,43.9105879],[125.2860851,43.9114829],[125.2861654,43.9123779],[125.2862965,43.9127068],[125.2864103,43.9137104],[125.286524,43.9147139],[125.2866378,43.9157175],[125.2867005,43.9166065],[125.2867633,43.9174956],[125.2868261,43.9183847],[125.2868888,43.9192737],[125.286548,43.9201017],[125.2866372,43.921123],[125.2867265,43.9221444],[125.2868734,43.9232501]]}},{"type":"Feature","properties":{"layer":"primary","name":"青年路","detail_level":1,"route_related":true,"fragment":"b"},"geometry":{"type":"LineString","coordinates":[[125.2868734,43.9232501],[125.2870202,43.9243558],[125.2871671,43.9254615],[125.287314,43.9265672],[125.2873409,43.9273364],[125.2873678,43.9281055],[125.2874615,43.9291872],[125.2875553,43.930269],[125.287649,43.9313507],[125.2877005,43.9322309],[125.287752,43.933111],[125.2878035,43.9339911],[125.287855,43.9348713],[125.2878995,43.9358461],[125.2879441,43.9368209]]}},{"type":"Feature","properties":{"layer":"primary","name":"青年路","detail_level":1,"route_related":true,"fragment":"a"},"geometry":{"type":"LineString","coordinates":[[125.2879441,43.9368209],[125.2879886,43.9377957],[125.2880331,43.9387706],[125.2880776,43.9397454],[125.2881222,43.9407202],[125.2881667,43.941695],[125.2882477,43.941897],[125.2883157,43.9427671],[125.2883837,43.9436372],[125.2884517,43.9445073],[125.2884997,43.9453945],[125.2885476,43.9462817],[125.2885956,43.9471689],[125.2885658,43.9476563],[125.2884696,43.9483161]]}},{"type":"Feature","properties":{"layer":"primary","name":"青年路","detail_level":1,"route_related":true,"fragment":"b"},"geometry":{"type":"LineString","coordinates":[[125.2884696,43.9483161],[125.2883734,43.9489759],[125.2880717,43.9500434],[125.2878739,43.9506284],[125.2876761,43.9512134],[125.2874011,43.9517531],[125.2871262,43.9522928],[125.2865455,43.9530482],[125.2859648,43.9538036],[125.2853841,43.954559],[125.284576,43.9554572],[125.2837678,43.9563554],[125.2832875,43.9566702],[125.2824323,43.9575316],[125.2815772,43.9583931]]}},{"type":"Feature","properties":{"layer":"primary","name":"自由大路","detail_level":1,"route_related":true,"fragment":"a"},"geometry":{"type":"LineString","coordinates":[[125.416005,43.8628462],[125.4145075,43.8628289],[125.4130099,43.8628117],[125.4115124,43.8627944],[125.4100148,43.8627771],[125.4085173,43.8627598],[125.4070197,43.8627426],[125.4055222,43.8627253],[125.4040246,43.862708],[125.4025271,43.8626907],[125.4010296,43.8626735],[125.399532,43.8626562],[125.3980345,43.8626389],[125.3965369,43.8626217],[125.3950394,43.8626044],[125.3935418,43.8625871],[125.3920443,43.8625698],[125.3905467,43.8625526],[125.3890492,43.8625353],[125.3880982,43.8626207],[125.3874952,43.8625404],[125.3860608,43.8625172],[125.3846263,43.862494]]}},{"type":"Feature","properties":{"layer":"primary","name":"自由大路","detail_level":1,"route_related":true,"fragment":"b"},"geometry":{"type":"LineString","coordinates":[[125.3846263,43.862494],[125.3831919,43.8624707],[125.3817574,43.8624475],[125.380323,43.8624243],[125.3788296,43.8624059],[125.3773362,43.8623875],[125.3758427,43.8623691],[125.3743493,43.8623507],[125.3728559,43.8623323],[125.3713857,43.8623396],[125.3699155,43.862347],[125.3684066,43.8623238],[125.3668976,43.8623007],[125.3653887,43.8622775],[125.3638797,43.8622544],[125.3623708,43.8622312],[125.3608619,43.862208],[125.3593529,43.8621849],[125.357844,43.8621617],[125.3566469,43.8621577],[125.3554498,43.8621537],[125.3542528,43.8621497],[125.3530557,43.8621457]]}},{"type":"Feature","properties":{"layer":"primary","name":"凯旋路","detail_level":1,"route_related":true,"fragment":"a"},"geometry":{"type":"LineString","coordinates":[[125.3113456,43.948166],[125.311318,43.9470616],[125.3112904,43.9459572],[125.3112628,43.9448527],[125.3112352,43.9437483],[125.3112076,43.9426439],[125.31118,43.9415395],[125.3111524,43.940435],[125.3111248,43.9393306],[125.3110972,43.9382262],[125.3110696,43.9371218],[125.3110419,43.9360173],[125.3110143,43.9349129],[125.3109867,43.9338085],[125.3109591,43.9327041],[125.3109315,43.9315996],[125.3109039,43.9304952],[125.3108763,43.9293908],[125.3108487,43.9282864]]}},{"type":"Feature","properties":{"layer":"primary","name":"凯旋路","detail_level":1,"route_related":true,"fragment":"b"},"geometry":{"type":"LineString","coordinates":[[125.3108487,43.9282864],[125.3108211,43.9271819],[125.3107935,43.9260775],[125.3107659,43.9249731],[125.3107427,43.9238672],[125.3107196,43.9227614],[125.3106964,43.9216555],[125.3106733,43.9205496],[125.3106501,43.9194437],[125.310627,43.9183379],[125.3106038,43.917232],[125.3105807,43.9161261],[125.3105575,43.9150202],[125.3105344,43.9139144],[125.3105112,43.9128085],[125.3104881,43.9117026],[125.3104649,43.9105967],[125.3104418,43.9094909],[125.3104186,43.908385]]}},{"type":"Feature","properties":{"layer":"primary","name":"自由大路","detail_level":1,"route_related":true,"fragment":"a"},"geometry":{"type":"LineString","coordinates":[[125.3530603,43.86205],[125.3542537,43.8620495],[125.3554472,43.862049],[125.3566406,43.8620485],[125.357834,43.862048],[125.3589062,43.8620846],[125.3599783,43.8621213],[125.3610505,43.8621579],[125.3625283,43.8621764],[125.3640062,43.8621949],[125.365484,43.8622134],[125.3669618,43.862232],[125.3684397,43.8622505],[125.3699175,43.862269],[125.3712778,43.8622651],[125.3726382,43.8622613],[125.3739985,43.8622575],[125.3753589,43.8622536],[125.3768668,43.8622763],[125.3783748,43.862299]]}},{"type":"Feature","properties":{"layer":"primary","name":"自由大路","detail_level":1,"route_related":true,"fragment":"b"},"geometry":{"type":"LineString","coordinates":[[125.3783748,43.862299],[125.3798827,43.8623217],[125.3813907,43.8623445],[125.3828986,43.8623672],[125.3844065,43.8623899],[125.3859145,43.8624126],[125.3874224,43.8624353],[125.3881561,43.8625204],[125.3890808,43.8624389],[125.3904196,43.8624341],[125.3917585,43.8624292],[125.393219,43.8624467],[125.3946795,43.8624643],[125.39614,43.8624818],[125.3976005,43.8624993],[125.399061,43.8625168],[125.4005215,43.8625343],[125.401982,43.8625519],[125.4034425,43.8625694]]}},{"type":"Feature","properties":{"layer":"primary","name":"大经路","detail_level":1,"route_related":true},"geometry":{"type":"LineString","coordinates":[[125.3418827,43.8747298],[125.3415268,43.8750184],[125.3407059,43.8759151],[125.3398849,43.8768117],[125.3390639,43.8777083],[125.338243,43.878605],[125.3375076,43.8793828],[125.3367722,43.8801605],[125.3360368,43.8809383],[125.3353014,43.881716],[125.334566,43.8824938],[125.3337635,43.8834018],[125.332961,43.8843098],[125.3321585,43.8852178],[125.331356,43.8861258],[125.3307346,43.8867609],[125.3301132,43.8873961],[125.3294918,43.8880312],[125.3285863,43.8889058],[125.3276808,43.8897804],[125.3267753,43.890655],[125.3258697,43.8915297],[125.3249642,43.8924043],[125.3240587,43.8932789],[125.3231532,43.8941535]]}},{"type":"Feature","properties":{"layer":"primary","name":"西安大路","detail_level":1,"route_related":true},"geometry":{"type":"LineString","coordinates":[[125.2936926,43.8932131],[125.2922934,43.893707],[125.2908941,43.894201],[125.2894949,43.8946949],[125.2880957,43.8951888],[125.2866964,43.8956828],[125.2852972,43.8961767],[125.2838979,43.8966706],[125.2824987,43.8971646],[125.2810995,43.8976585],[125.2797002,43.8981525],[125.278301,43.8986464],[125.2769018,43.8991403],[125.2755025,43.8996343],[125.2741033,43.9001282],[125.2735429,43.9002292],[125.2723846,43.9002154],[125.2712264,43.9002016],[125.2709964,43.9002564],[125.2707683,43.9003876]]}},{"type":"Feature","properties":{"layer":"primary","name":"西安大路","detail_level":1,"route_related":true},"geometry":{"type":"LineString","coordinates":[[125.3170313,43.8851694],[125.3168412,43.8851089],[125.3165811,43.8851253],[125.3157128,43.8854125],[125.3148445,43.8856996],[125.3134793,43.8861842],[125.3121142,43.8866687],[125.310749,43.8871533],[125.3093838,43.8876378],[125.3080187,43.8881224],[125.3066535,43.8886069],[125.3052883,43.8890915],[125.3039232,43.889576],[125.302558,43.8900606],[125.3011928,43.8905451],[125.2998277,43.8910297],[125.2984625,43.8915142],[125.2970973,43.8919988],[125.2957322,43.8924833],[125.294367,43.8929679]]}},{"type":"Feature","properties":{"layer":"primary","name":"西安大路","detail_level":1,"route_related":true},"geometry":{"type":"LineString","coordinates":[[125.2943277,43.8928998],[125.2957012,43.8924116],[125.2970747,43.8919235],[125.2984482,43.8914353],[125.2998217,43.8909472],[125.3011952,43.890459],[125.3025687,43.8899709],[125.3039422,43.8894827],[125.3053158,43.8889945],[125.3066893,43.8885064],[125.3080628,43.8880182],[125.3094363,43.8875301],[125.3108098,43.8870419],[125.3121833,43.8865538],[125.3135568,43.8860656],[125.3149303,43.8855775],[125.3163038,43.8850893],[125.3166535,43.8848928],[125.3167214,43.8847207]]}},{"type":"Feature","properties":{"layer":"primary","name":"仙台大街","detail_level":1,"route_related":true},"geometry":{"type":"LineString","coordinates":[[125.3700085,43.8485207],[125.3703089,43.8480407],[125.3703543,43.8472146],[125.370369,43.8462522],[125.3703836,43.8452898],[125.3703983,43.8443274],[125.3704129,43.843365],[125.3704276,43.8424026],[125.3703886,43.8421839],[125.3704204,43.8412113],[125.3704522,43.8402386],[125.370484,43.839266],[125.3705158,43.8382934],[125.3705476,43.8373207],[125.3705794,43.8363481],[125.3705885,43.8353149],[125.3705976,43.8342818],[125.3706067,43.8332486],[125.3706158,43.8322155],[125.3706249,43.8311823]]}},{"type":"Feature","properties":{"layer":"primary","name":"工农大路","detail_level":1,"route_related":true},"geometry":{"type":"LineString","coordinates":[[125.2849717,43.8739124],[125.2853096,43.8735162],[125.2861208,43.8729022],[125.286932,43.8722883],[125.2879786,43.8715181],[125.2890253,43.8707479],[125.2900719,43.8699776],[125.2911186,43.8692074],[125.2921652,43.8684372],[125.2932118,43.867667],[125.2942585,43.8668967],[125.2953051,43.8661265],[125.2963517,43.8653563],[125.2973984,43.8645861],[125.298445,43.8638158],[125.2994917,43.8630456],[125.3005383,43.8622754],[125.3006507,43.8621405],[125.3006713,43.8619725]]}},{"type":"Feature","properties":{"layer":"primary","name":"安达街","detail_level":1,"route_related":true},"geometry":{"type":"LineString","coordinates":[[125.2851446,43.878331],[125.2858192,43.8792849],[125.2864938,43.8802388],[125.2871684,43.8811928],[125.287843,43.8821467],[125.2885176,43.8831006],[125.2891922,43.8840545],[125.2898668,43.8850084],[125.2905413,43.8859624],[125.2912159,43.8869163],[125.2918905,43.8878702],[125.2925651,43.8888241],[125.2932397,43.889778],[125.2939143,43.890732],[125.2945889,43.8916859],[125.2952635,43.8926398]]}},{"type":"Feature","properties":{"layer":"primary","name":"普阳街","detail_level":1,"route_related":true},"geometry":{"type":"LineString","coordinates":[[125.2755542,43.8829023],[125.276153,43.8837578],[125.2767518,43.8846134],[125.2771785,43.8854014],[125.2776052,43.8861894],[125.2780319,43.8869774],[125.2784586,43.8877654],[125.2790908,43.8886837],[125.279723,43.889602],[125.2803552,43.8905203],[125.2809874,43.8914386],[125.2816196,43.8923569],[125.2822518,43.8932752],[125.282884,43.8941935],[125.2835162,43.8951118],[125.2840429,43.8959284],[125.2842438,43.8964356]]}},{"type":"Feature","properties":{"layer":"primary","name":"青年路","detail_level":1,"route_related":true},"geometry":{"type":"LineString","coordinates":[[125.2842438,43.8964356],[125.2844914,43.897226],[125.2846316,43.8980054],[125.2847548,43.8990012],[125.284878,43.899997],[125.2850011,43.9009929],[125.2851243,43.9019887],[125.2852475,43.9029845],[125.285283,43.9035746],[125.2853185,43.9041647],[125.2854272,43.9047713],[125.2855358,43.9053779],[125.2856229,43.9061181],[125.2857099,43.9068582],[125.2857814,43.9078031],[125.285853,43.908748],[125.2859245,43.9096929]]}},{"type":"Feature","properties":{"layer":"primary","name":"东南湖大路","detail_level":1,"route_related":true},"geometry":{"type":"LineString","coordinates":[[125.3693328,43.8495612],[125.3690853,43.849413],[125.3688042,43.8493553],[125.3673714,43.8493375],[125.3659386,43.8493196],[125.3645057,43.8493018],[125.3630729,43.849284],[125.3616401,43.8492662],[125.3602073,43.8492483],[125.3587745,43.8492305],[125.3573417,43.8492127],[125.3559088,43.8491949],[125.354476,43.849177],[125.3530432,43.8491592]]}},{"type":"Feature","properties":{"layer":"primary","name":"东南湖大路","detail_level":1,"route_related":true},"geometry":{"type":"LineString","coordinates":[[125.3531497,43.8490594],[125.3545731,43.849077],[125.3559965,43.8490946],[125.3574199,43.8491122],[125.3588433,43.8491298],[125.3602667,43.8491474],[125.3616901,43.8491649],[125.3631135,43.8491825],[125.3645369,43.8492001],[125.3659603,43.8492177],[125.3673837,43.8492353],[125.3688071,43.8492529],[125.3692902,43.8491215]]}},{"type":"Feature","properties":{"layer":"primary","name":"景阳大路","detail_level":1,"route_related":true},"geometry":{"type":"LineString","coordinates":[[125.2735558,43.8786599],[125.2741208,43.878616],[125.2750184,43.8783084],[125.2759159,43.8780008],[125.2759936,43.8779201],[125.2773471,43.8774177],[125.2787007,43.8769154],[125.2800543,43.876413],[125.2814078,43.8759107]]}},{"type":"Feature","properties":{"layer":"primary","name":"北京大街","detail_level":1,"route_related":true},"geometry":{"type":"LineString","coordinates":[[125.3231532,43.8941535],[125.3220817,43.8949549],[125.3210102,43.8957562],[125.3199386,43.8965576],[125.3188671,43.8973589],[125.3177956,43.8981603]]}},{"type":"Feature","properties":{"layer":"primary","name":"北京大街","detail_level":1,"route_related":true},"geometry":{"type":"LineString","coordinates":[[125.3177956,43.8981603],[125.3167339,43.8989399],[125.3156721,43.8997195],[125.3146104,43.9004992],[125.3135486,43.9012788],[125.3124869,43.9020584]]}},{"type":"Feature","properties":{"layer":"primary","name":"赛得广场","detail_level":1,"route_related":true},"geometry":{"type":"LineString","coordinates":[[125.3697875,43.850028],[125.3694576,43.8497846],[125.3693086,43.8494856],[125.3692902,43.8491215],[125.3694331,43.8488592],[125.3697234,43.8486305],[125.3700085,43.8485207],[125.3704422,43.8484669],[125.3709128,43.8485419],[125.3713354,43.8487959],[125.3715163,43.8490536],[125.3715594,43.8493608],[125.3713623,43.8498138],[125.3710634,43.8500215],[125.3705837,43.8501607],[125.370091,43.8501368],[125.3697875,43.850028]]}},{"type":"Feature","properties":{"layer":"primary","name":"自由大路","detail_level":1,"route_related":true},"geometry":{"type":"LineString","coordinates":[[125.3509924,43.8621259],[125.3494812,43.8621087],[125.3479699,43.8620915],[125.3464586,43.8620743],[125.3449474,43.8620571]]}},{"type":"Feature","properties":{"layer":"primary","name":"普阳街","detail_level":1,"route_related":true},"geometry":{"type":"LineString","coordinates":[[125.2737368,43.8795904],[125.2737324,43.8802949],[125.2739638,43.8806591],[125.2746612,43.8815021],[125.2751077,43.8822022],[125.2755542,43.8829023]]}},{"type":"Feature","properties":{"layer":"primary","name":"东环城路","detail_level":1,"route_related":true},"geometry":{"type":"LineString","coordinates":[[125.3978153,43.8384963],[125.3976364,43.8385838],[125.3974456,43.8387864],[125.3971568,43.839698],[125.396868,43.8406097],[125.3965792,43.8415213]]}},{"type":"Feature","properties":{"layer":"primary","name":"西广场","detail_level":1,"route_related":true},"geometry":{"type":"LineString","coordinates":[[125.3120273,43.9026487],[125.311719,43.902537],[125.3116177,43.902423],[125.3115814,43.9022773],[125.3116917,43.90206],[125.3120596,43.9019234],[125.3123069,43.9019597],[125.3124869,43.9020584],[125.3125876,43.9023334],[125.3124185,43.9025616],[125.3122288,43.9026365],[125.3120273,43.9026487]]}},{"type":"Feature","properties":{"layer":"primary","name":"青年路","detail_level":1,"route_related":true},"geometry":{"type":"LineString","coordinates":[[125.2815772,43.9583931],[125.2808713,43.9591856],[125.2801654,43.9599781]]}},{"type":"Feature","properties":{"layer":"primary","name":"工农大路","detail_level":1,"route_related":true},"geometry":{"type":"LineString","coordinates":[[125.2822711,43.8756112],[125.2830834,43.8753166],[125.2838958,43.875022],[125.2843923,43.8746887]]}},{"type":"Feature","properties":{"layer":"primary","name":"自由大路","detail_level":1,"route_related":true},"geometry":{"type":"LineString","coordinates":[[125.3530557,43.8621457],[125.352024,43.8621358],[125.3509924,43.8621259]]}},{"type":"Feature","properties":{"layer":"primary","name":"工农大路","detail_level":1,"route_related":true},"geometry":{"type":"LineString","coordinates":[[125.2843923,43.8746887],[125.2849004,43.874008]]}},{"type":"Feature","properties":{"layer":"primary","name":"解放大路","detail_level":1,"route_related":true},"geometry":{"type":"LineString","coordinates":[[125.2814078,43.8759107],[125.2822711,43.8756112]]}},{"type":"Feature","properties":{"layer":"primary","name":"西安桥","detail_level":1,"route_related":true},"geometry":{"type":"LineString","coordinates":[[125.2936926,43.8932131],[125.294367,43.8929679]]}},{"type":"Feature","properties":{"layer":"primary","name":"工农大路","detail_level":1,"route_related":true},"geometry":{"type":"LineString","coordinates":[[125.2849004,43.874008],[125.2849717,43.8739124]]}},{"type":"Feature","properties":{"layer":"primary","name":"东盛大街","detail_level":1,"route_related":true},"geometry":{"type":"LineString","coordinates":[[125.3703872,43.8622632],[125.3703842,43.8623386]]}},{"type":"Feature","properties":{"layer":"primary","name":null,"detail_level":1,"route_related":true},"geometry":{"type":"LineString","coordinates":[[125.2715041,43.8793171],[125.2715057,43.8791174],[125.2716988,43.878746],[125.2718797,43.8785947],[125.2723608,43.8784022],[125.2726346,43.8783716],[125.273174,43.8784499],[125.2736057,43.8786959],[125.2738358,43.8790562],[125.2738577,43.879251],[125.2737173,43.8796258],[125.2733605,43.8799166],[125.2728617,43.8800629],[125.2723246,43.8800344],[125.2718609,43.8798369],[125.2716635,43.8796689],[125.2715041,43.8793171]]}},{"type":"Feature","properties":{"layer":"primary","name":null,"detail_level":1,"route_related":true},"geometry":{"type":"LineString","coordinates":[[125.3119,43.9026235],[125.310915,43.9033136],[125.3106678,43.9035871],[125.3105972,43.9039919],[125.3105873,43.9048194],[125.3105775,43.9056468],[125.3105676,43.9064743]]}},{"type":"Feature","properties":{"layer":"primary","name":null,"detail_level":1,"route_related":true},"geometry":{"type":"LineString","coordinates":[[125.3105208,43.9083794],[125.3105252,43.9093581],[125.3105295,43.9103367],[125.3105339,43.9113154]]}},{"type":"Feature","properties":{"layer":"primary","name":null,"detail_level":1,"route_related":true},"geometry":{"type":"LineString","coordinates":[[125.3105384,43.907326],[125.3105208,43.9083794]]}},{"type":"Feature","properties":{"layer":"primary","name":null,"detail_level":1,"route_related":true},"geometry":{"type":"LineString","coordinates":[[125.310559,43.9068322],[125.3105384,43.907326]]}},{"type":"Feature","properties":{"layer":"primary","name":null,"detail_level":1,"route_related":true},"geometry":{"type":"LineString","coordinates":[[125.3105676,43.9064743],[125.310559,43.9068322]]}},{"type":"Feature","properties":{"layer":"primary","name":null,"detail_level":1,"route_related":true},"geometry":{"type":"LineString","coordinates":[[125.2865924,43.8725453],[125.2867534,43.8723423]]}},{"type":"Feature","properties":{"layer":"primary","name":"西环城路","detail_level":1,"route_related":false,"fragment":"a"},"geometry":{"type":"LineString","coordinates":[[125.266672,43.9319147],[125.2658107,43.9309988],[125.2649494,43.9300828],[125.2640881,43.9291669],[125.2632268,43.9282509],[125.2623655,43.927335],[125.2615043,43.926419],[125.260643,43.9255031],[125.2597817,43.9245872],[125.2589204,43.9236712],[125.2580591,43.9227553],[125.2571978,43.9218393],[125.2563365,43.9209234],[125.2554722,43.9200248],[125.2546079,43.9191262],[125.2537436,43.9182276],[125.2528793,43.917329],[125.252015,43.9164304],[125.2516192,43.9157949],[125.250922,43.9148685],[125.2502248,43.9139422]]}},{"type":"Feature","properties":{"layer":"primary","name":"西环城路","detail_level":1,"route_related":false,"fragment":"b"},"geometry":{"type":"LineString","coordinates":[[125.2502248,43.9139422],[125.2495277,43.9130158],[125.2488305,43.9120895],[125.2481333,43.9111631],[125.2474361,43.9102368],[125.2467389,43.9093104],[125.2460417,43.9083841],[125.2453446,43.9074577],[125.2446474,43.9065314],[125.2439502,43.905605],[125.2432533,43.9046688],[125.2425563,43.9037327],[125.2418594,43.9027965],[125.2411624,43.9018603],[125.2404655,43.9009241],[125.2397685,43.899988],[125.2390716,43.8990518],[125.2383747,43.8981156],[125.2376777,43.8971795],[125.2369808,43.8962433]]}},{"type":"Feature","properties":{"layer":"primary","name":"西环城路","detail_level":1,"route_related":false,"fragment":"a"},"geometry":{"type":"LineString","coordinates":[[125.2369808,43.8962433],[125.2362838,43.8953071],[125.2355869,43.8943709],[125.2348899,43.8934348],[125.234193,43.8924986],[125.2335458,43.8916054],[125.2328986,43.8907123],[125.2322513,43.8898191],[125.2316041,43.888926],[125.2309569,43.8880328],[125.2309389,43.8878971],[125.2311351,43.8868784],[125.2313313,43.8858597],[125.2315275,43.884841],[125.2317237,43.8838223],[125.2319198,43.8828036],[125.232116,43.8817849],[125.2323122,43.8807662],[125.2325084,43.8797475],[125.2327046,43.8787288],[125.2328884,43.8778706]]}},{"type":"Feature","properties":{"layer":"primary","name":"西环城路","detail_level":1,"route_related":false,"fragment":"b"},"geometry":{"type":"LineString","coordinates":[[125.2328884,43.8778706],[125.2330721,43.8770125],[125.2332559,43.8761543],[125.2334454,43.8750815],[125.2336349,43.8740087],[125.2338244,43.8729359],[125.2340139,43.8718631],[125.2342034,43.8707902],[125.234393,43.8697174],[125.2345825,43.8686446],[125.234772,43.8675718],[125.2349615,43.866499],[125.235151,43.8654262],[125.2353488,43.8644425],[125.2355465,43.8634588],[125.2357443,43.8624752],[125.235942,43.8614915],[125.2361398,43.8605078],[125.2362271,43.8601946],[125.2363415,43.8600415]]}},{"type":"Feature","properties":{"layer":"primary","name":"东吉林大路","detail_level":1,"route_related":false,"fragment":"a"},"geometry":{"type":"LineString","coordinates":[[125.5116148,43.88923],[125.5129797,43.8891928],[125.514528,43.8892002],[125.5160764,43.8892076],[125.5176247,43.889215],[125.5191731,43.8892224],[125.5207214,43.8892298],[125.5222698,43.8892372],[125.5238181,43.8892446],[125.5253665,43.889252],[125.5269148,43.8892594],[125.5284632,43.8892668],[125.5300115,43.8892742],[125.5315103,43.8892687],[125.5330091,43.8892632],[125.5345079,43.8892577],[125.5360067,43.8892522],[125.5375055,43.8892467],[125.5390043,43.8892412],[125.5405031,43.8892357],[125.5420019,43.8892302]]}},{"type":"Feature","properties":{"layer":"primary","name":"东吉林大路","detail_level":1,"route_related":false,"fragment":"b"},"geometry":{"type":"LineString","coordinates":[[125.5420019,43.8892302],[125.5435007,43.8892247],[125.5449995,43.8892192],[125.5464983,43.8892137],[125.5479971,43.8892082],[125.5494959,43.8892027],[125.5509947,43.8891972],[125.5515507,43.8891598],[125.552318,43.8890423],[125.5530852,43.8889248],[125.5543512,43.8886476],[125.5556173,43.8883704],[125.5568834,43.8880932],[125.5581494,43.887816],[125.5592224,43.8877408],[125.5603036,43.8878473],[125.5616906,43.8882422],[125.5623033,43.8885395],[125.5632684,43.8892488],[125.5642334,43.8899581]]}},{"type":"Feature","properties":{"layer":"primary","name":"东吉林大路","detail_level":1,"route_related":false,"fragment":"a"},"geometry":{"type":"LineString","coordinates":[[125.5642334,43.8899581],[125.5651985,43.8906674],[125.5661636,43.8913766],[125.5671286,43.8920859],[125.5680937,43.8927952],[125.5689304,43.8934404],[125.5697672,43.8940855],[125.5706039,43.8947307],[125.5712552,43.8954637],[125.5718334,43.8964182],[125.5722798,43.8973898],[125.5727262,43.8983614],[125.5731726,43.8993331],[125.573619,43.9003047],[125.5739686,43.9010148],[125.5743183,43.9017249],[125.5746859,43.9023752],[125.5750534,43.9030256],[125.5756023,43.903632],[125.5761512,43.9042384],[125.5770806,43.9049871]]}},{"type":"Feature","properties":{"layer":"primary","name":"东吉林大路","detail_level":1,"route_related":false,"fragment":"b"},"geometry":{"type":"LineString","coordinates":[[125.5770806,43.9049871],[125.5780101,43.9057359],[125.5789212,43.9064266],[125.5798324,43.9071174],[125.5807435,43.9078081],[125.5816546,43.9084988],[125.5826462,43.9089575],[125.5836379,43.9094162],[125.5848967,43.9098762],[125.5861554,43.9103362],[125.5874142,43.9107962],[125.5886729,43.9112562],[125.5901512,43.9115541],[125.5916295,43.911852],[125.5930493,43.9120892],[125.5944691,43.9123265],[125.5958888,43.9125637],[125.5973086,43.912801],[125.5987284,43.9130382],[125.6,43.9134402]]}},{"type":"Feature","properties":{"layer":"primary","name":"东吉林大路","detail_level":1,"route_related":false,"fragment":"a"},"geometry":{"type":"LineString","coordinates":[[125.6,43.9136086],[125.5986856,43.9131931],[125.5972691,43.9129564],[125.5958526,43.9127197],[125.594436,43.912483],[125.5930195,43.9122463],[125.591603,43.9120096],[125.5901109,43.9117089],[125.5886188,43.9114082],[125.5873522,43.9109453],[125.5860855,43.9104825],[125.5848189,43.9100196],[125.5835522,43.9095567],[125.5825435,43.9090901],[125.5815348,43.9086235],[125.5806181,43.9079286],[125.5797015,43.9072336],[125.5787848,43.9065387],[125.5778681,43.9058438],[125.5769315,43.9050893]]}},{"type":"Feature","properties":{"layer":"primary","name":"东吉林大路","detail_level":1,"route_related":false,"fragment":"b"},"geometry":{"type":"LineString","coordinates":[[125.5769315,43.9050893],[125.5759949,43.9043347],[125.5754348,43.903716],[125.5748748,43.9030974],[125.5745019,43.9024376],[125.5741291,43.9017779],[125.5737781,43.9010651],[125.5734271,43.9003523],[125.5729814,43.8993821],[125.5725356,43.8984119],[125.5720899,43.8974417],[125.5716442,43.8964715],[125.5710778,43.8955366],[125.5704483,43.8948281],[125.5693776,43.8940166],[125.5683068,43.8932052],[125.5672361,43.8923937],[125.5661653,43.8915823],[125.5650946,43.8907708],[125.5640238,43.8899594]]}},{"type":"Feature","properties":{"layer":"primary","name":"东吉林大路","detail_level":1,"route_related":false,"fragment":"a"},"geometry":{"type":"LineString","coordinates":[[125.5640238,43.8899594],[125.5629531,43.8891479],[125.5621415,43.888595],[125.5615989,43.8883666],[125.5602794,43.8879794],[125.559209,43.8878819],[125.5581545,43.8879572],[125.5567491,43.8882556],[125.5553436,43.888554],[125.5539382,43.8888525],[125.5525328,43.8891509],[125.5516866,43.8892345],[125.5508405,43.8893181],[125.5494269,43.8893294],[125.5480133,43.8893408],[125.5465997,43.8893522],[125.5451861,43.8893635],[125.543734,43.8893607],[125.5422819,43.8893579],[125.5408298,43.8893551]]}},{"type":"Feature","properties":{"layer":"primary","name":"东吉林大路","detail_level":1,"route_related":false,"fragment":"b"},"geometry":{"type":"LineString","coordinates":[[125.5408298,43.8893551],[125.5393776,43.8893522],[125.5379255,43.8893494],[125.5364734,43.8893466],[125.5349455,43.8893614],[125.5334177,43.8893762],[125.5318898,43.889391],[125.5303619,43.8894058],[125.5288059,43.8894027],[125.5272499,43.8893996],[125.5256939,43.8893965],[125.5241379,43.8893934],[125.5225819,43.8893903],[125.5210259,43.8893872],[125.5194699,43.8893841],[125.5179139,43.889381],[125.5163579,43.8893779],[125.5148019,43.8893748],[125.5132459,43.8893717],[125.5116899,43.8893686]]}},{"type":"Feature","properties":{"layer":"primary","name":"西环城路","detail_level":1,"route_related":false,"fragment":"a"},"geometry":{"type":"LineString","coordinates":[[125.2346373,43.8696959],[125.2344439,43.8706999],[125.2342505,43.8717038],[125.2340571,43.8727078],[125.2338637,43.8737118],[125.2336702,43.8747157],[125.2334768,43.8757197],[125.2332834,43.8767237],[125.23309,43.8777276],[125.2328966,43.8787316],[125.2327857,43.8794279],[125.2326748,43.8801242],[125.2325086,43.8807823],[125.2323424,43.8814404],[125.2321375,43.8825128],[125.2319326,43.8835852],[125.2317276,43.8846577],[125.2315227,43.8857301]]}},{"type":"Feature","properties":{"layer":"primary","name":"西环城路","detail_level":1,"route_related":false,"fragment":"b"},"geometry":{"type":"LineString","coordinates":[[125.2315227,43.8857301],[125.2313178,43.8868025],[125.2311129,43.8878749],[125.2311179,43.8881203],[125.2318091,43.8891015],[125.2325002,43.8900828],[125.2332098,43.8910378],[125.2339194,43.8919927],[125.234629,43.8929477],[125.2353386,43.8939026],[125.2360482,43.8948576],[125.2367578,43.8958126],[125.2374674,43.8967675],[125.238177,43.8977225],[125.2388866,43.8986774],[125.2395962,43.8996324],[125.2403338,43.9006184],[125.2410714,43.9016044]]}},{"type":"Feature","properties":{"layer":"primary","name":"西环城路","detail_level":1,"route_related":false,"fragment":"a"},"geometry":{"type":"LineString","coordinates":[[125.2410714,43.9016044],[125.241809,43.9025905],[125.2425466,43.9035765],[125.2432842,43.9045625],[125.2440218,43.9055485],[125.2447594,43.9065345],[125.245497,43.9075205],[125.2462345,43.9085066],[125.2469721,43.9094926],[125.2477097,43.9104786],[125.2484473,43.9114646],[125.2491849,43.9124506],[125.2499225,43.9134366],[125.2506601,43.9144227],[125.2513977,43.9154087],[125.2521353,43.9163947],[125.2526046,43.9169022],[125.2530738,43.9174097]]}},{"type":"Feature","properties":{"layer":"primary","name":"西环城路","detail_level":1,"route_related":false,"fragment":"b"},"geometry":{"type":"LineString","coordinates":[[125.2530738,43.9174097],[125.2536963,43.9180173],[125.2543189,43.918625],[125.2551112,43.919494],[125.2559034,43.9203629],[125.2566956,43.9212318],[125.2574879,43.9221008],[125.2583291,43.9229898],[125.2591704,43.9238788],[125.2600116,43.9247678],[125.2608528,43.9256568],[125.261694,43.9265458],[125.2625353,43.9274347],[125.2633765,43.9283237],[125.2642177,43.9292127],[125.2650589,43.9301017],[125.2659002,43.9309907],[125.2667414,43.9318797]]}},{"type":"Feature","properties":{"layer":"primary","name":"亚泰大街","detail_level":1,"route_related":true,"fragment":"a"},"geometry":{"type":"LineString","coordinates":[[125.3341098,43.8300457],[125.333914,43.8309306],[125.3337181,43.8318155],[125.3335223,43.8327003],[125.3333265,43.8335852],[125.3328821,43.834552],[125.3324377,43.8355187],[125.3323416,43.8358571],[125.3322204,43.836703],[125.3320992,43.837549],[125.331978,43.8383949],[125.3319616,43.838909],[125.3316737,43.8400074],[125.3313858,43.8411059],[125.3310979,43.8422043],[125.3309347,43.8430074],[125.3308564,43.8431512],[125.3308104,43.8436878],[125.3308819,43.8447826],[125.3311832,43.8458125]]}},{"type":"Feature","properties":{"layer":"primary","name":"亚泰大街","detail_level":1,"route_related":true,"fragment":"b"},"geometry":{"type":"LineString","coordinates":[[125.3311832,43.8458125],[125.3314393,43.8464382],[125.3318272,43.8472046],[125.332215,43.8479709],[125.3326029,43.8487373],[125.3328259,43.8495458],[125.3330488,43.8503542],[125.3332718,43.8511627],[125.3337076,43.8520273],[125.3341965,43.8528237],[125.3346853,43.8536201],[125.3350395,43.8544701],[125.3353938,43.8553202],[125.335748,43.8561703],[125.3361022,43.8570203],[125.3366081,43.8580787],[125.337114,43.8591371],[125.3377642,43.8600915],[125.3384144,43.8610459],[125.3390646,43.8620002]]}},{"type":"Feature","properties":{"layer":"primary","name":"亚泰大街","detail_level":1,"route_related":true,"fragment":"a"},"geometry":{"type":"LineString","coordinates":[[125.3390646,43.8620002],[125.3397149,43.8629546],[125.3403651,43.863909],[125.3410153,43.8648634],[125.3414002,43.8655953],[125.341647,43.8662161],[125.3418736,43.8671607],[125.3419326,43.8678926],[125.3419092,43.8684664],[125.3418857,43.8690403],[125.3417717,43.8701067],[125.3416577,43.8711731],[125.3415994,43.8720388],[125.3415411,43.8729046],[125.3415665,43.8732526],[125.3417683,43.8741845],[125.3419702,43.8751165],[125.3422079,43.8759778],[125.3424456,43.8768392],[125.3426833,43.8777006]]}},{"type":"Feature","properties":{"layer":"primary","name":"亚泰大街","detail_level":1,"route_related":true,"fragment":"b"},"geometry":{"type":"LineString","coordinates":[[125.3426833,43.8777006],[125.342921,43.8785619],[125.3430068,43.8791303],[125.3430377,43.8801149],[125.3430685,43.8810994],[125.3430994,43.882084],[125.3431302,43.8830686],[125.3431611,43.8840532],[125.3431919,43.8850377],[125.3432228,43.8860223],[125.3430565,43.887127],[125.3426877,43.8879834],[125.3420716,43.8888293],[125.3414555,43.8896752],[125.3408394,43.8905211],[125.3402233,43.891367],[125.3396072,43.8922129],[125.3390588,43.8931329],[125.3390581,43.8932818]]}},{"type":"Feature","properties":{"layer":"primary","name":"北凯旋路","detail_level":1,"route_related":true,"fragment":"a"},"geometry":{"type":"LineString","coordinates":[[125.2083271,44.0607836],[125.2089117,44.0600979],[125.2098794,44.0592163],[125.2108471,44.0583347],[125.2118148,44.0574531],[125.2127825,44.0565715],[125.2137502,44.0556899],[125.214718,44.0548083],[125.2156857,44.0539267],[125.2166534,44.0530451],[125.2176211,44.0521635],[125.2185888,44.0512819],[125.2195565,44.0504002],[125.2205242,44.0495186],[125.2214919,44.048637],[125.2224596,44.0477554]]}},{"type":"Feature","properties":{"layer":"primary","name":"北凯旋路","detail_level":1,"route_related":true,"fragment":"b"},"geometry":{"type":"LineString","coordinates":[[125.2224596,44.0477554],[125.2234273,44.0468738],[125.2243951,44.0459922],[125.2253628,44.0451106],[125.2263305,44.044229],[125.2272982,44.0433474],[125.2282659,44.0424658],[125.2292336,44.0415842],[125.230117,44.0407681],[125.2310003,44.0399519],[125.2318837,44.0391357],[125.2327671,44.0383196],[125.2336504,44.0375034],[125.2345338,44.0366873],[125.2352134,44.0357865],[125.2358929,44.0348857]]}},{"type":"Feature","properties":{"layer":"primary","name":"北凯旋路","detail_level":1,"route_related":true,"fragment":"a"},"geometry":{"type":"LineString","coordinates":[[125.2358929,44.0348857],[125.2365725,44.033985],[125.237252,44.0330842],[125.2379316,44.0321834],[125.2385019,44.0315681],[125.2390723,44.0309529],[125.2399058,44.030167],[125.2407392,44.029381],[125.2415727,44.0285951],[125.2424899,44.0276985],[125.2434071,44.0268019],[125.2443243,44.0259054],[125.2452415,44.0250088],[125.2456395,44.0245383],[125.2463319,44.023584],[125.2470243,44.0226297]]}},{"type":"Feature","properties":{"layer":"primary","name":"北凯旋路","detail_level":1,"route_related":true,"fragment":"b"},"geometry":{"type":"LineString","coordinates":[[125.2470243,44.0226297],[125.2477167,44.0216754],[125.2484091,44.0207211],[125.2491015,44.0197667],[125.2497939,44.0188124],[125.2504863,44.0178581],[125.2511787,44.0169038],[125.2518711,44.0159495],[125.2525635,44.0149952],[125.2532559,44.0140409],[125.2539483,44.0130866],[125.2546407,44.0121322],[125.2553331,44.0111779],[125.2560255,44.0102236],[125.2567179,44.0092693],[125.2574103,44.008315]]}},{"type":"Feature","properties":{"layer":"primary","name":"北凯旋路","detail_level":1,"route_related":true,"fragment":"a"},"geometry":{"type":"LineString","coordinates":[[125.2575436,44.008366],[125.2568419,44.0093394],[125.2561403,44.0103128],[125.2554386,44.0112862],[125.2547369,44.0122596],[125.2540352,44.013233],[125.2533336,44.0142064],[125.2526319,44.0151798],[125.2519302,44.0161532],[125.2512285,44.0171266],[125.2505268,44.0181],[125.2498252,44.0190734],[125.2491235,44.0200468],[125.2484218,44.0210202],[125.2477202,44.0219936],[125.2470185,44.022967],[125.2463168,44.0239404]]}},{"type":"Feature","properties":{"layer":"primary","name":"北凯旋路","detail_level":1,"route_related":true,"fragment":"b"},"geometry":{"type":"LineString","coordinates":[[125.2463168,44.0239404],[125.2458046,44.0245806],[125.2452294,44.0251974],[125.2446541,44.0258142],[125.2437679,44.0266624],[125.2428818,44.0275106],[125.2419956,44.0283589],[125.2411094,44.0292071],[125.2402233,44.0300553],[125.2393371,44.0309035],[125.2386016,44.0317538],[125.2378661,44.032604],[125.2372536,44.0334177],[125.236641,44.0342314],[125.2360285,44.0350451],[125.2354159,44.0358588]]}},{"type":"Feature","properties":{"layer":"primary","name":"北凯旋路","detail_level":1,"route_related":true,"fragment":"a"},"geometry":{"type":"LineString","coordinates":[[125.2354159,44.0358588],[125.2348034,44.0366725],[125.2339286,44.0374788],[125.2330538,44.0382851],[125.2321789,44.0390914],[125.2313041,44.0398977],[125.2304293,44.040704],[125.2296307,44.0414136],[125.2288321,44.0421231],[125.2280336,44.0428327],[125.227235,44.0435423],[125.226291,44.0444026],[125.225347,44.0452629],[125.224403,44.0461233],[125.223459,44.0469836],[125.222515,44.0478439],[125.221571,44.0487042]]}},{"type":"Feature","properties":{"layer":"primary","name":"北凯旋路","detail_level":1,"route_related":true,"fragment":"b"},"geometry":{"type":"LineString","coordinates":[[125.221571,44.0487042],[125.220627,44.0495646],[125.219683,44.0504249],[125.2187389,44.0512852],[125.2177949,44.0521455],[125.2168509,44.0530058],[125.2159069,44.0538662],[125.2149629,44.0547265],[125.2140189,44.0555868],[125.2130749,44.0564471],[125.2121309,44.0573075],[125.2111869,44.0581678],[125.2102429,44.0590281],[125.2093694,44.059893],[125.2089551,44.0603794],[125.2085407,44.0608659]]}},{"type":"Feature","properties":{"layer":"primary","name":"长吉北线","detail_level":1,"route_related":false,"fragment":"a"},"geometry":{"type":"LineString","coordinates":[[125.4792918,43.973321],[125.4785589,43.9724291],[125.4778259,43.9715373],[125.477093,43.9706454],[125.47636,43.9697536],[125.4756271,43.9688617],[125.4748942,43.9679698],[125.4741612,43.967078],[125.4734283,43.9661861],[125.4726953,43.9652943],[125.4719624,43.9644024],[125.4711276,43.9634867],[125.4702927,43.9625711],[125.4694579,43.9616554],[125.4686231,43.9607397],[125.4677882,43.9598241],[125.4669534,43.9589084]]}},{"type":"Feature","properties":{"layer":"primary","name":"长吉北线","detail_level":1,"route_related":false,"fragment":"b"},"geometry":{"type":"LineString","coordinates":[[125.4669534,43.9589084],[125.4663124,43.9583011],[125.4655673,43.9577456],[125.4644094,43.9570642],[125.4632515,43.9563828],[125.4620936,43.9557013],[125.4609357,43.9550199],[125.4597778,43.9543385],[125.4586199,43.953657],[125.457462,43.9529756],[125.4563041,43.9522942],[125.4552096,43.9516632],[125.4541151,43.9510322],[125.4530206,43.9504013],[125.4519261,43.9497703],[125.4508316,43.9491393]]}},{"type":"Feature","properties":{"layer":"primary","name":"长吉北线","detail_level":1,"route_related":false,"fragment":"a"},"geometry":{"type":"LineString","coordinates":[[125.4508316,43.9491393],[125.4496714,43.9484416],[125.4485112,43.9477439],[125.447351,43.9470462],[125.4461908,43.9463485],[125.4450306,43.9456508],[125.4439057,43.9449379],[125.4427809,43.9442251],[125.441656,43.9435122],[125.4405311,43.9427993],[125.4394062,43.9420865],[125.4382814,43.9413736],[125.4371565,43.9406608],[125.4360316,43.9399479],[125.4349068,43.939235],[125.4337819,43.9385222]]}},{"type":"Feature","properties":{"layer":"primary","name":"长吉北线","detail_level":1,"route_related":false,"fragment":"b"},"geometry":{"type":"LineString","coordinates":[[125.4337819,43.9385222],[125.432657,43.9378093],[125.4315321,43.9370964],[125.4304073,43.9363836],[125.4292824,43.9356707],[125.4283432,43.9351531],[125.427404,43.9346354],[125.4264648,43.9341178],[125.4256989,43.933726],[125.4249329,43.9333341],[125.423687,43.9327374],[125.4224411,43.9321406],[125.4211953,43.9315438],[125.4199494,43.9309471],[125.4190497,43.9304416],[125.4181499,43.9299362]]}},{"type":"Feature","properties":{"layer":"primary","name":"雾开河大街","detail_level":1,"route_related":false,"fragment":"a"},"geometry":{"type":"LineString","coordinates":[[125.536967,43.8617214],[125.5371146,43.8627457],[125.5372623,43.86377],[125.5374099,43.8647943],[125.5375576,43.8658186],[125.5377052,43.866843],[125.5378529,43.8678673],[125.5380005,43.8688916],[125.5381482,43.8699159],[125.5382958,43.8709402],[125.5384687,43.8715909],[125.5386992,43.8721724],[125.5390448,43.8728646],[125.539429,43.8734461],[125.5401204,43.8743425],[125.5408118,43.8752389]]}},{"type":"Feature","properties":{"layer":"primary","name":"雾开河大街","detail_level":1,"route_related":false,"fragment":"b"},"geometry":{"type":"LineString","coordinates":[[125.5408118,43.8752389],[125.5415031,43.8761352],[125.5421945,43.8770316],[125.5428859,43.877928],[125.5435772,43.8788244],[125.5442686,43.8797207],[125.54496,43.8806171],[125.5453441,43.8813784],[125.5457282,43.8821398],[125.5459564,43.8832063],[125.5461846,43.8842728],[125.5464128,43.8853394],[125.546641,43.8864059],[125.5468692,43.8874724],[125.5470974,43.8885389]]}},{"type":"Feature","properties":{"layer":"primary","name":"雾开河大街","detail_level":1,"route_related":false,"fragment":"a"},"geometry":{"type":"LineString","coordinates":[[125.5470974,43.8885389],[125.5473256,43.8896055],[125.5475538,43.890672],[125.5477821,43.8917385],[125.5480103,43.892805],[125.5482385,43.8938716],[125.5484667,43.8949381],[125.5486949,43.8960046],[125.5489231,43.8970711],[125.5491513,43.8981377],[125.5493795,43.8992042],[125.5496077,43.9002707],[125.5497805,43.9013362],[125.5497037,43.9023602],[125.5495885,43.9029967],[125.549358,43.9035641]]}},{"type":"Feature","properties":{"layer":"primary","name":"雾开河大街","detail_level":1,"route_related":false,"fragment":"b"},"geometry":{"type":"LineString","coordinates":[[125.549358,43.9035641],[125.5489931,43.9042421],[125.5483786,43.9051138],[125.5477318,43.9058793],[125.5470851,43.9066449],[125.5464383,43.9074104],[125.5455789,43.9082527],[125.5444509,43.9090164],[125.5435955,43.9093433],[125.5424297,43.9095481],[125.541264,43.9097529],[125.5405442,43.9100798],[125.5402469,43.9103165],[125.5398714,43.9109064],[125.5394959,43.9114964]]}},{"type":"Feature","properties":{"layer":"primary","name":"净月大街","detail_level":1,"route_related":true,"fragment":"a"},"geometry":{"type":"LineString","coordinates":[[125.3993482,43.8368412],[125.3998146,43.8368633],[125.4001613,43.8368227],[125.4015254,43.8365965],[125.4028896,43.8363702],[125.4037121,43.8361723],[125.4048136,43.835836],[125.405369,43.8355769],[125.4066898,43.8350828],[125.4080107,43.8345887],[125.4093315,43.8340946],[125.4106523,43.8336005],[125.4119732,43.8331065],[125.413294,43.8326124],[125.4146148,43.8321183],[125.4159357,43.8316242]]}},{"type":"Feature","properties":{"layer":"primary","name":"净月大街","detail_level":1,"route_related":true,"fragment":"b"},"geometry":{"type":"LineString","coordinates":[[125.4159357,43.8316242],[125.4172565,43.8311301],[125.4185102,43.8305896],[125.4191529,43.8301873],[125.4197955,43.8297849],[125.4208132,43.8290459],[125.4218309,43.8283068],[125.4228486,43.8275678],[125.4238663,43.8268288],[125.424884,43.8260897],[125.4259017,43.8253507],[125.4269194,43.8246116],[125.4279371,43.8238726],[125.4289548,43.8231336],[125.4299725,43.8223945],[125.4309902,43.8216555]]}},{"type":"Feature","properties":{"layer":"primary","name":"净月大街","detail_level":1,"route_related":true,"fragment":"a"},"geometry":{"type":"LineString","coordinates":[[125.4309902,43.8216555],[125.4318491,43.8207886],[125.4322681,43.8202583],[125.4326872,43.819728],[125.4333243,43.81887],[125.4339614,43.8180119],[125.4345986,43.8171539],[125.4352357,43.8162958],[125.4358728,43.8154378],[125.4365066,43.814712],[125.4372155,43.8138004],[125.4379245,43.8128889],[125.4386334,43.8119773],[125.4393423,43.8110657],[125.4400513,43.8101542],[125.4407602,43.8092426]]}},{"type":"Feature","properties":{"layer":"primary","name":"净月大街","detail_level":1,"route_related":true,"fragment":"b"},"geometry":{"type":"LineString","coordinates":[[125.4407602,43.8092426],[125.441245,43.8083884],[125.4417298,43.8075342],[125.4422145,43.80668],[125.4426993,43.8058258],[125.4429782,43.8054657],[125.4435033,43.8044894],[125.4440283,43.803513],[125.4445534,43.8025367],[125.4450785,43.8015604],[125.445242,43.8011493],[125.4452465,43.8009323],[125.4451658,43.8006836],[125.4447796,43.8000987],[125.4442995,43.7996309],[125.4438193,43.7991631]]}},{"type":"Feature","properties":{"layer":"primary","name":"人民大街","detail_level":1,"route_related":false,"fragment":"a"},"geometry":{"type":"LineString","coordinates":[[125.3178398,43.8834405],[125.3180777,43.8833013],[125.3181505,43.8831238],[125.3181756,43.8820053],[125.3182007,43.8808868],[125.3182258,43.8797684],[125.3182509,43.8786499],[125.318276,43.8775314],[125.3183011,43.8764129],[125.3183262,43.8752944],[125.3183514,43.874176],[125.3183765,43.8730575],[125.3184016,43.871939],[125.3184267,43.8708205]]}},{"type":"Feature","properties":{"layer":"primary","name":"人民大街","detail_level":1,"route_related":false,"fragment":"b"},"geometry":{"type":"LineString","coordinates":[[125.3184267,43.8708205],[125.3184518,43.869702],[125.3184769,43.8685836],[125.318502,43.8674651],[125.3185271,43.8663466],[125.3185522,43.8652281],[125.3185773,43.8641096],[125.3186024,43.8629912],[125.3186275,43.8618727],[125.3186526,43.8607542],[125.3186777,43.8596357],[125.3187028,43.8585172],[125.318728,43.8573988]]}},{"type":"Feature","properties":{"layer":"primary","name":"人民大街","detail_level":1,"route_related":false,"fragment":"a"},"geometry":{"type":"LineString","coordinates":[[125.318728,43.8573988],[125.3187531,43.8562803],[125.3187782,43.8551618],[125.3188033,43.8540433],[125.3188284,43.8529248],[125.3188535,43.8518063],[125.3188786,43.8506879],[125.3189037,43.8495694],[125.3189288,43.8484509],[125.3189539,43.8473324],[125.318979,43.8462139],[125.3190041,43.8450955],[125.3190292,43.843977],[125.3190543,43.8428585]]}},{"type":"Feature","properties":{"layer":"primary","name":"人民大街","detail_level":1,"route_related":false,"fragment":"b"},"geometry":{"type":"LineString","coordinates":[[125.3190543,43.8428585],[125.3190794,43.84174],[125.3191045,43.8406215],[125.3191297,43.8395031],[125.3191548,43.8383846],[125.3191799,43.8372661],[125.319205,43.8361476],[125.3192301,43.8350291],[125.3192552,43.8339107],[125.3192803,43.8327922],[125.3193054,43.8316737],[125.3192317,43.8313179],[125.3190782,43.8311249]]}},{"type":"Feature","properties":{"layer":"primary","name":"人民大街","detail_level":1,"route_related":false,"fragment":"a"},"geometry":{"type":"LineString","coordinates":[[125.3196613,43.8311498],[125.319502,43.8313284],[125.3193893,43.8316767],[125.3193645,43.8327951],[125.3193397,43.8339135],[125.3193149,43.835032],[125.3192901,43.8361504],[125.3192653,43.8372688],[125.3192404,43.8383872],[125.3192156,43.8395056],[125.3191908,43.840624],[125.319166,43.8417425],[125.3191412,43.8428609],[125.3191164,43.8439793],[125.3190916,43.8450977],[125.3190668,43.8462161],[125.319042,43.8473345],[125.3190172,43.848453],[125.3189924,43.8495714],[125.3189676,43.8506898],[125.3189427,43.8518082],[125.3189179,43.8529266],[125.3188931,43.854045],[125.3188683,43.8551635],[125.3188435,43.8562819],[125.3188187,43.8574003]]}},{"type":"Feature","properties":{"layer":"primary","name":"人民大街","detail_level":1,"route_related":false,"fragment":"b"},"geometry":{"type":"LineString","coordinates":[[125.3188187,43.8574003],[125.3187939,43.8585187],[125.3187691,43.8596371],[125.3187443,43.8607556],[125.3187195,43.861874],[125.3186947,43.8629924],[125.3186698,43.8641108],[125.318645,43.8652292],[125.3186202,43.8663476],[125.3185954,43.8674661],[125.3185706,43.8685845],[125.3185458,43.8697029],[125.318521,43.8708213],[125.3184962,43.8719397],[125.3184714,43.8730581],[125.3184466,43.8741766],[125.3184218,43.875295],[125.318397,43.8764134],[125.3183721,43.8775318],[125.3183473,43.8786502],[125.3183225,43.8797686],[125.3182977,43.8808871],[125.3182729,43.8820055],[125.3182481,43.8831239],[125.3183372,43.8833395],[125.3185176,43.8834436]]}},{"type":"Feature","properties":{"layer":"primary","name":"长吉北线","detail_level":1,"route_related":false,"fragment":"a"},"geometry":{"type":"LineString","coordinates":[[125.4297772,43.9358704],[125.4308719,43.9365647],[125.4319667,43.9372589],[125.4330614,43.9379532],[125.4341561,43.9386475],[125.4352509,43.9393418],[125.4363456,43.940036],[125.4374404,43.9407303],[125.4385351,43.9414246],[125.4396298,43.9421188],[125.4407246,43.9428131],[125.4418193,43.9435074],[125.442914,43.9442017],[125.4440088,43.9448959],[125.4451035,43.9455902],[125.4461598,43.9462195],[125.4472161,43.9468487],[125.4482725,43.947478],[125.4493288,43.9481072],[125.4503851,43.9487365],[125.451572,43.9494311],[125.4527588,43.9501257],[125.4539457,43.9508203],[125.4551325,43.9515149],[125.4563194,43.9522095],[125.4575062,43.9529041]]}},{"type":"Feature","properties":{"layer":"primary","name":"长吉北线","detail_level":1,"route_related":false,"fragment":"b"},"geometry":{"type":"LineString","coordinates":[[125.4575062,43.9529041],[125.4586931,43.9535987],[125.4598799,43.9542933],[125.4610668,43.9549879],[125.4622536,43.9556825],[125.4634405,43.9563771],[125.4646273,43.9570717],[125.4658142,43.9577663],[125.466368,43.9582386],[125.4669218,43.9587109],[125.467783,43.9596435],[125.4686442,43.960576],[125.4695055,43.9615086],[125.4703667,43.9624411],[125.4712279,43.9633737],[125.4719671,43.9642703],[125.4727063,43.9651669],[125.4734455,43.9660636],[125.4741847,43.9669602],[125.4749239,43.9678568],[125.475663,43.9687534],[125.4764022,43.96965],[125.4771414,43.9705466],[125.4778806,43.9714433],[125.4786198,43.9723399],[125.479359,43.9732365]]}},{"type":"Feature","properties":{"layer":"primary","name":"北凯旋路","detail_level":1,"route_related":true,"fragment":"a"},"geometry":{"type":"LineString","coordinates":[[125.257641,44.0080061],[125.2583045,44.007079],[125.258968,44.0061519],[125.2596315,44.0052249],[125.260295,44.0042978],[125.2609585,44.0033707],[125.2616039,44.0025307],[125.2621263,44.0019661],[125.2626487,44.0014015],[125.2635965,44.0005223],[125.2645442,43.999643],[125.265492,43.9987638],[125.2664398,43.9978846],[125.2673875,43.9970053],[125.2683353,43.9961261],[125.2692831,43.9952469],[125.2702308,43.9943676],[125.2711786,43.9934884],[125.2721264,43.9926092],[125.2730741,43.9917299],[125.2740219,43.9908507],[125.2749697,43.9899715],[125.2759175,43.9890923],[125.2768652,43.988213]]}},{"type":"Feature","properties":{"layer":"primary","name":"北凯旋路","detail_level":1,"route_related":true,"fragment":"b"},"geometry":{"type":"LineString","coordinates":[[125.2768652,43.988213],[125.277813,43.9873338],[125.2787608,43.9864546],[125.2797085,43.9855753],[125.2806563,43.9846961],[125.2816041,43.9838169],[125.2825518,43.9829376],[125.2834996,43.9820584],[125.2844725,43.981275],[125.2854454,43.9804916],[125.2864183,43.9797083],[125.2873911,43.9789249],[125.288364,43.9781415],[125.2893369,43.9773582],[125.2903098,43.9765748],[125.2912827,43.9757914],[125.2919934,43.9751988],[125.2927042,43.9746063],[125.2934149,43.9740137],[125.2943116,43.9731567],[125.2952082,43.9722997],[125.2961049,43.9714428],[125.2970015,43.9705858],[125.2978982,43.9697288]]}},{"type":"Feature","properties":{"layer":"primary","name":"北凯旋路","detail_level":1,"route_related":true,"fragment":"a"},"geometry":{"type":"LineString","coordinates":[[125.2980554,43.9698231],[125.2971548,43.970677],[125.2962542,43.9715309],[125.2953536,43.9723847],[125.294453,43.9732386],[125.2935524,43.9740925],[125.2928488,43.9746812],[125.2921451,43.9752699],[125.2914415,43.9758586],[125.2904619,43.9766467],[125.2894823,43.9774347],[125.2885026,43.9782228],[125.287523,43.9790109],[125.2865434,43.9797989],[125.2855637,43.980587],[125.2845841,43.981375],[125.2836045,43.9821631],[125.2826695,43.9830296],[125.2817346,43.983896],[125.2807996,43.9847625],[125.2798646,43.9856289],[125.2789296,43.9864954],[125.2779947,43.9873619],[125.2770597,43.9882283]]}},{"type":"Feature","properties":{"layer":"primary","name":"北凯旋路","detail_level":1,"route_related":true,"fragment":"b"},"geometry":{"type":"LineString","coordinates":[[125.2770597,43.9882283],[125.2761247,43.9890948],[125.2751898,43.9899613],[125.2742548,43.9908277],[125.2733198,43.9916942],[125.2723848,43.9925606],[125.2714499,43.9934271],[125.2705149,43.9942936],[125.2695799,43.99516],[125.268645,43.9960265],[125.26771,43.996893],[125.266775,43.9977594],[125.26584,43.9986259],[125.2649051,43.9994923],[125.2639701,44.0003588],[125.2631057,44.0012023],[125.2622413,44.0020458],[125.2616751,44.0027358],[125.2611089,44.0034258],[125.2604408,44.0043512],[125.2597727,44.0052766],[125.2591045,44.0062021],[125.2584364,44.0071275],[125.2577683,44.0080529]]}},{"type":"Feature","properties":{"layer":"primary","name":"自由大路","detail_level":1,"route_related":false,"fragment":"a"},"geometry":{"type":"LineString","coordinates":[[125.3449474,43.8620571],[125.3434313,43.8620418],[125.3419151,43.8620266],[125.340399,43.8620113],[125.3388829,43.8619961],[125.3373668,43.8619808],[125.3358506,43.8619656],[125.3343345,43.8619503],[125.3328184,43.8619351],[125.3313023,43.8619198],[125.3297861,43.8619046],[125.32827,43.8618893],[125.3267539,43.8618741],[125.3252378,43.8618588],[125.3237216,43.8618436],[125.3222055,43.8618283]]}},{"type":"Feature","properties":{"layer":"primary","name":"自由大路","detail_level":1,"route_related":false,"fragment":"b"},"geometry":{"type":"LineString","coordinates":[[125.3222055,43.8618283],[125.3207379,43.8618089],[125.3192704,43.8617894],[125.3178028,43.86177],[125.3163353,43.8617506],[125.3148677,43.8617311],[125.3134002,43.8617117],[125.3119326,43.8616923],[125.3104651,43.8616729],[125.3089975,43.8616534],[125.30753,43.861634],[125.3060624,43.8616146],[125.3045949,43.8615951],[125.3031273,43.8615757],[125.3028,43.8616727]]}},{"type":"Feature","properties":{"layer":"primary","name":"长双快速路","detail_level":1,"route_related":false},"geometry":{"type":"LineString","coordinates":[[125.4118024,43.7174426],[125.4119339,43.7163595]]}},{"type":"Feature","properties":{"layer":"secondary","name":"临河街","detail_level":2,"route_related":true,"fragment":"a"},"geometry":{"type":"LineString","coordinates":[[125.3572921,43.8942753],[125.3580115,43.8939522],[125.358175,43.8938075],[125.3583011,43.8935921],[125.3584939,43.8930882],[125.3590349,43.8927885],[125.3592471,43.8925699],[125.3592791,43.8915809],[125.3593111,43.8905918],[125.359343,43.8896028],[125.359375,43.8886137],[125.359407,43.8876247],[125.3593382,43.8872111],[125.3589399,43.8865434],[125.3582664,43.8858002],[125.3575929,43.885057],[125.3573206,43.8843028],[125.3573533,43.8832036],[125.3573859,43.8821044]]}},{"type":"Feature","properties":{"layer":"secondary","name":"临河街","detail_level":2,"route_related":true,"fragment":"b"},"geometry":{"type":"LineString","coordinates":[[125.3573859,43.8821044],[125.3574186,43.8810051],[125.3574513,43.8799059],[125.357484,43.8788067],[125.3575166,43.8777075],[125.3575493,43.8766083],[125.357582,43.875509],[125.3576146,43.8744098],[125.3576473,43.8733106],[125.35768,43.8722114],[125.3577127,43.8711121],[125.3577453,43.8700129],[125.357778,43.8689137],[125.357786,43.8679329],[125.357794,43.8669521],[125.357802,43.8659713],[125.35781,43.8649904],[125.357818,43.8640096]]}},{"type":"Feature","properties":{"layer":"secondary","name":"临河街","detail_level":2,"route_related":true,"fragment":"a"},"geometry":{"type":"LineString","coordinates":[[125.357818,43.8640096],[125.357826,43.8630288],[125.357834,43.862048],[125.3578668,43.8610615],[125.3578996,43.8600749],[125.3579324,43.8590884],[125.3579651,43.8581018],[125.3579979,43.8571153],[125.3580307,43.8561287],[125.3580635,43.8551422],[125.3580842,43.8541727],[125.358105,43.8532032],[125.3581257,43.8522337],[125.3581464,43.8512641],[125.3581672,43.8502946],[125.3581879,43.8493251],[125.3581928,43.8483771],[125.3581976,43.8474291],[125.3582025,43.8464811]]}},{"type":"Feature","properties":{"layer":"secondary","name":"临河街","detail_level":2,"route_related":true,"fragment":"b"},"geometry":{"type":"LineString","coordinates":[[125.3582025,43.8464811],[125.3582074,43.8455331],[125.3582364,43.8445475],[125.3582655,43.843562],[125.3582945,43.8425764],[125.3583235,43.8415909],[125.3583525,43.8406053],[125.3583816,43.8396198],[125.3584106,43.8386342],[125.3584247,43.8375651],[125.3584387,43.836496],[125.3584528,43.8354268],[125.3584668,43.8343577],[125.3584809,43.8332886],[125.3584949,43.8322195],[125.358509,43.8311503],[125.358523,43.8300812],[125.3585371,43.8290121]]}},{"type":"Feature","properties":{"layer":"secondary","name":"临河街","detail_level":2,"route_related":true,"fragment":"a"},"geometry":{"type":"LineString","coordinates":[[125.3587818,43.8289514],[125.3587544,43.8300193],[125.358727,43.8310872],[125.3586996,43.832155],[125.3586722,43.8332229],[125.3586448,43.8342908],[125.3586174,43.8353587],[125.35859,43.8364265],[125.3585626,43.8374944],[125.3585352,43.8385623],[125.3585382,43.8395702],[125.3585412,43.8405781],[125.3585138,43.8414271],[125.3584863,43.8422761],[125.3584589,43.8431251],[125.3584315,43.8439741],[125.3584158,43.8450317],[125.3584001,43.8460892],[125.3583844,43.8471468]]}},{"type":"Feature","properties":{"layer":"secondary","name":"临河街","detail_level":2,"route_related":true,"fragment":"b"},"geometry":{"type":"LineString","coordinates":[[125.3583844,43.8471468],[125.3583687,43.8482044],[125.358353,43.8492619],[125.3583373,43.8503195],[125.3583216,43.851377],[125.3583059,43.8524346],[125.358269,43.853416],[125.3582321,43.8543973],[125.3581952,43.8553787],[125.3581779,43.8564196],[125.3581607,43.8574606],[125.3581434,43.8585015],[125.3581262,43.8595425],[125.3581089,43.8605834],[125.3580917,43.8616244],[125.3580744,43.8626653],[125.3580572,43.8637063],[125.3580399,43.8647472]]}},{"type":"Feature","properties":{"layer":"secondary","name":"临河街","detail_level":2,"route_related":true,"fragment":"a"},"geometry":{"type":"LineString","coordinates":[[125.3580399,43.8647472],[125.3580227,43.8657882],[125.3580054,43.8668291],[125.3579882,43.8678701],[125.3579709,43.868911],[125.3579386,43.8699237],[125.3579064,43.8709365],[125.3578741,43.8719492],[125.3578419,43.872962],[125.3578096,43.8739747],[125.3577774,43.8749875],[125.3577451,43.8760002],[125.3577509,43.876752],[125.3577568,43.8775038],[125.3577304,43.8784729],[125.3577041,43.879442],[125.3576777,43.8804111],[125.3576514,43.8813801],[125.357625,43.8823492]]}},{"type":"Feature","properties":{"layer":"secondary","name":"临河街","detail_level":2,"route_related":true,"fragment":"b"},"geometry":{"type":"LineString","coordinates":[[125.357625,43.8823492],[125.3575987,43.8833183],[125.3575723,43.8842874],[125.3577865,43.8849215],[125.358114,43.8853657],[125.3586451,43.885917],[125.3591762,43.8864683],[125.3595719,43.887219],[125.3596216,43.8874144],[125.3596012,43.8884385],[125.3595808,43.8894627],[125.3595604,43.8904869],[125.35954,43.891511],[125.3595196,43.8925352],[125.3594992,43.8935593],[125.359345,43.893842],[125.3590707,43.8939944],[125.3587531,43.8940946]]}},{"type":"Feature","properties":{"layer":"secondary","name":"东岭北街","detail_level":2,"route_related":true},"geometry":{"type":"LineString","coordinates":[[125.3449474,43.8620571],[125.3454125,43.8630418],[125.3458776,43.8640264],[125.346024,43.8647196],[125.3460763,43.865837],[125.3461286,43.8669544],[125.346181,43.8680718],[125.3462333,43.8691892],[125.3462362,43.8699576],[125.3462391,43.870726],[125.3461699,43.8709537],[125.3458936,43.8714113],[125.3453615,43.872168],[125.3450462,43.8728442],[125.3448227,43.8739361],[125.3447489,43.8740802],[125.344407,43.8742755],[125.3428794,43.8744021]]}},{"type":"Feature","properties":{"layer":"secondary","name":"东民主大街","detail_level":2,"route_related":true},"geometry":{"type":"LineString","coordinates":[[125.3044417,43.8756742],[125.304485,43.8760929],[125.3044557,43.8771979],[125.3044265,43.8783029],[125.3043972,43.8794079],[125.3043679,43.8805129],[125.3043387,43.8816179],[125.3043094,43.8827229],[125.3042802,43.8838279],[125.3042509,43.8849329],[125.3040267,43.8855024],[125.3037279,43.8858914],[125.3033296,43.8862309],[125.3026843,43.8865784]]}},{"type":"Feature","properties":{"layer":"secondary","name":"柳影路","detail_level":2,"route_related":true},"geometry":{"type":"LineString","coordinates":[[125.3005591,43.9385044],[125.2992583,43.9389687],[125.2979574,43.9394331],[125.2966566,43.9398974],[125.2953557,43.9403618],[125.2940549,43.9408261],[125.2926701,43.941304],[125.2912853,43.941782],[125.2899004,43.94226],[125.2885156,43.9427379],[125.2878594,43.9428112]]}},{"type":"Feature","properties":{"layer":"secondary","name":"柳影路","detail_level":2,"route_related":true},"geometry":{"type":"LineString","coordinates":[[125.3110205,43.9348484],[125.3106159,43.934957],[125.3092181,43.9354502],[125.3078202,43.9359433],[125.3064224,43.9364365],[125.3050246,43.9369296],[125.3036268,43.9374228],[125.3022289,43.9379159],[125.3008311,43.9384091]]}},{"type":"Feature","properties":{"layer":"secondary","name":"康平街","detail_level":2,"route_related":true},"geometry":{"type":"LineString","coordinates":[[125.3067087,43.8925371],[125.306038,43.891544],[125.3053672,43.8905509],[125.3046965,43.8895577],[125.3040258,43.8885646],[125.303355,43.8875715],[125.3026843,43.8865784]]}},{"type":"Feature","properties":{"layer":"secondary","name":"仙台大街","detail_level":2,"route_related":true},"geometry":{"type":"LineString","coordinates":[[125.3702115,43.8481983],[125.3701081,43.8479421],[125.3701266,43.8470278],[125.3701452,43.8461135],[125.3701637,43.8451992],[125.3702531,43.8448618],[125.3702642,43.8440976],[125.3702752,43.8433334],[125.3702863,43.8425692],[125.3703886,43.8421839]]}},{"type":"Feature","properties":{"layer":"secondary","name":"铁北二路","detail_level":2,"route_related":true},"geometry":{"type":"LineString","coordinates":[[125.3131488,43.9113987],[125.3118033,43.9113539],[125.3104579,43.9113092]]}},{"type":"Feature","properties":{"layer":"secondary","name":"东岭北街","detail_level":2,"route_related":true},"geometry":{"type":"LineString","coordinates":[[125.3428794,43.8744021],[125.3422317,43.8745674],[125.3418827,43.8747298]]}},{"type":"Feature","properties":{"layer":"secondary","name":"柳影路","detail_level":2,"route_related":true},"geometry":{"type":"LineString","coordinates":[[125.3008311,43.9384091],[125.3005591,43.9385044]]}},{"type":"Feature","properties":{"layer":"secondary","name":"泉眼大街","detail_level":2,"route_related":false,"fragment":"a"},"geometry":{"type":"LineString","coordinates":[[125.6,43.8909829],[125.599282,43.8904337],[125.5985641,43.8898845],[125.5978461,43.8893353],[125.596902,43.8886858],[125.5959578,43.8881291],[125.5950137,43.8876652],[125.5941339,43.8871394],[125.5934044,43.8865363],[125.592825,43.8859486],[125.5923315,43.8852681],[125.5919881,43.8845877],[125.5916877,43.8838144],[125.5915025,43.8832453],[125.5913172,43.8826763],[125.5911377,43.8819694],[125.5909582,43.8812625],[125.5909367,43.880582],[125.5910011,43.8798551],[125.5911441,43.8790766],[125.5912872,43.8782981],[125.5914302,43.8775196],[125.5914302,43.8767462],[125.59128,43.8760347],[125.5908723,43.8752613],[125.5902715,43.8744415]]}},{"type":"Feature","properties":{"layer":"secondary","name":"泉眼大街","detail_level":2,"route_related":false,"fragment":"b"},"geometry":{"type":"LineString","coordinates":[[125.5902715,43.8744415],[125.5896493,43.8738847],[125.5887838,43.8732505],[125.5879184,43.8726163],[125.5870529,43.8719821],[125.5864735,43.8713324],[125.5860229,43.8703424],[125.5858727,43.869538],[125.5859156,43.8688419],[125.5861838,43.8677543],[125.586452,43.8666667],[125.5867203,43.8655791],[125.5869885,43.8644915],[125.5872567,43.8634039],[125.5875249,43.8623163],[125.5877931,43.8612287],[125.5880614,43.8601411],[125.5883296,43.8590535],[125.5885978,43.8579659],[125.5886193,43.8574089],[125.5884905,43.8568518],[125.5881472,43.8562794],[125.5876966,43.8557997],[125.587246,43.85532],[125.5869241,43.8546547]]}},{"type":"Feature","properties":{"layer":"secondary","name":"泉眼大街","detail_level":2,"route_related":false,"fragment":"a"},"geometry":{"type":"LineString","coordinates":[[125.5869241,43.8546547],[125.5867954,43.8538037],[125.5868812,43.8529681],[125.5871279,43.8519623],[125.5873747,43.8509565],[125.5874391,43.8501364],[125.5873318,43.8491305],[125.5871173,43.8484187],[125.5866899,43.8473854],[125.5862625,43.8463521],[125.5858351,43.8453188],[125.5854077,43.8442856],[125.5849803,43.8432523],[125.5845529,43.842219],[125.5843716,43.8414642],[125.5843787,43.8411306],[125.5845035,43.8405019],[125.5848297,43.8397565],[125.5853297,43.8392359],[125.5858298,43.8387153],[125.5865916,43.838251],[125.5873533,43.8377866],[125.5878683,43.8373223],[125.5882974,43.8366258],[125.5886121,43.8355268]]}},{"type":"Feature","properties":{"layer":"secondary","name":"泉眼大街","detail_level":2,"route_related":false,"fragment":"b"},"geometry":{"type":"LineString","coordinates":[[125.5886121,43.8355268],[125.5889269,43.8344279],[125.5892416,43.8333289],[125.5898424,43.832555],[125.5905076,43.8320132],[125.5914088,43.8314405],[125.59231,43.8308678],[125.5930396,43.8302176],[125.5934473,43.8296759],[125.5939337,43.8287884],[125.59442,43.8279008],[125.5949064,43.8270133],[125.5952176,43.8259683],[125.5955287,43.8249234],[125.5960759,43.8239559],[125.596623,43.8229883],[125.5968376,43.8222142],[125.5968698,43.8211692],[125.596902,43.8201242],[125.5970736,43.8195513],[125.5975457,43.8188237],[125.598168,43.8180495],[125.5988439,43.8175076],[125.5995198,43.8169658],[125.6,43.8163882]]}},{"type":"Feature","properties":{"layer":"secondary","name":"畅溪街","detail_level":2,"route_related":false,"fragment":"a"},"geometry":{"type":"LineString","coordinates":[[125.3555895,43.7230186],[125.3556542,43.7239],[125.3557189,43.7247814],[125.3557836,43.7256628],[125.3557646,43.7263942],[125.3555564,43.7271721],[125.3551372,43.7279796],[125.3546242,43.7285872],[125.3538578,43.7292429],[125.3528694,43.7299507],[125.351881,43.7306584],[125.3508925,43.7313662],[125.3499041,43.732074],[125.3490954,43.7326995],[125.3482795,43.7335875],[125.3480825,43.7338727],[125.347545,43.7348416],[125.3472225,43.7356937],[125.347131,43.7363275],[125.3470394,43.7369612],[125.3471116,43.7375743],[125.3471838,43.7381874],[125.3473582,43.7387987]]}},{"type":"Feature","properties":{"layer":"secondary","name":"畅溪街","detail_level":2,"route_related":false,"fragment":"b"},"geometry":{"type":"LineString","coordinates":[[125.3473582,43.7387987],[125.3476507,43.7394639],[125.348098,43.7403832],[125.3485452,43.7413026],[125.3489925,43.7422219],[125.3492542,43.7429877],[125.3493833,43.7435724],[125.3495124,43.744157],[125.3495661,43.7447558],[125.3495544,43.7453962],[125.3495428,43.7460366],[125.3493776,43.7468981],[125.3492124,43.7477596],[125.3490473,43.7486212],[125.3488821,43.7494827],[125.3487154,43.7500435],[125.3484349,43.7506672],[125.3480038,43.7513459],[125.3475706,43.7518792],[125.3470252,43.7524197],[125.3465678,43.7527768],[125.3456662,43.753353],[125.3448044,43.7538277]]}},{"type":"Feature","properties":{"layer":"secondary","name":"畅溪街","detail_level":2,"route_related":false,"fragment":"a"},"geometry":{"type":"LineString","coordinates":[[125.3448044,43.7538277],[125.3439426,43.7543024],[125.3430416,43.7550109],[125.3423165,43.7557959],[125.3419363,43.7564041],[125.3415562,43.7570123],[125.3410479,43.7579498],[125.3405395,43.7588874],[125.3400312,43.7598249],[125.3395228,43.7607625],[125.3390145,43.7617],[125.3385061,43.7626376],[125.3379978,43.7635751],[125.3374894,43.7645127],[125.3369811,43.7654502],[125.3367621,43.76602],[125.336543,43.7665899],[125.3364573,43.7671742],[125.3363716,43.7677584],[125.3364136,43.7685802],[125.3365672,43.7693687],[125.3369424,43.7704364],[125.3373175,43.7715041]]}},{"type":"Feature","properties":{"layer":"secondary","name":"畅溪街","detail_level":2,"route_related":false,"fragment":"b"},"geometry":{"type":"LineString","coordinates":[[125.3373175,43.7715041],[125.3376927,43.7725718],[125.3380678,43.7736394],[125.338443,43.7747071],[125.3388181,43.7757748],[125.3391933,43.7768425],[125.3393054,43.777462],[125.3394174,43.7780815],[125.3393971,43.7790125],[125.3392147,43.7798915],[125.3388555,43.7809317],[125.3384964,43.7819719],[125.3381372,43.7830121],[125.3380038,43.783718],[125.337981,43.7844338],[125.3379583,43.7851496],[125.3379602,43.7862504],[125.3379621,43.7873512],[125.3379639,43.788452],[125.3379658,43.7895528],[125.3379677,43.7906536],[125.3378443,43.790956]]}},{"type":"Feature","properties":{"layer":"secondary","name":"畅溪街","detail_level":2,"route_related":false,"fragment":"a"},"geometry":{"type":"LineString","coordinates":[[125.3377206,43.7909164],[125.337727,43.7898786],[125.3377335,43.7888408],[125.3377399,43.787803],[125.3377463,43.7867652],[125.3377527,43.7857274],[125.3377592,43.7846896],[125.3377656,43.7836518],[125.3378768,43.7830679],[125.3381738,43.7821905],[125.3384708,43.7813132],[125.3387679,43.7804359],[125.3390649,43.7795585],[125.3391862,43.7786689],[125.339188,43.7782095],[125.3390984,43.7774354],[125.3389352,43.7767901],[125.3385735,43.7757662],[125.3382119,43.7747423],[125.3378502,43.7737184],[125.3374885,43.7726944],[125.3371268,43.7716705]]}},{"type":"Feature","properties":{"layer":"secondary","name":"畅溪街","detail_level":2,"route_related":false,"fragment":"b"},"geometry":{"type":"LineString","coordinates":[[125.3371268,43.7716705],[125.3367652,43.7706466],[125.3364035,43.7696227],[125.3362457,43.7690437],[125.3361858,43.7684407],[125.336126,43.7678377],[125.3362263,43.7669707],[125.336333,43.766537],[125.3366479,43.7657716],[125.3369628,43.7650062],[125.3375137,43.7639873],[125.3380645,43.7629685],[125.3386154,43.7619496],[125.3391662,43.7609308],[125.3397171,43.7599119],[125.3402679,43.7588931],[125.3408188,43.7578742],[125.3413532,43.7569364],[125.3418877,43.7559986],[125.3426435,43.7550958],[125.3434326,43.7544285],[125.3444687,43.7537584]]}},{"type":"Feature","properties":{"layer":"secondary","name":"畅溪街","detail_level":2,"route_related":false,"fragment":"a"},"geometry":{"type":"LineString","coordinates":[[125.3444687,43.7537584],[125.3451962,43.7533624],[125.3459238,43.7529663],[125.3469184,43.7522247],[125.3473946,43.7516788],[125.3478707,43.7511329],[125.3481637,43.7505985],[125.3484568,43.7500642],[125.3487248,43.7491576],[125.3488936,43.7482781],[125.3490624,43.7473986],[125.3492312,43.7465191],[125.3492899,43.7459321],[125.3493485,43.7453451],[125.3493048,43.7443944],[125.3491681,43.7437202],[125.3490315,43.7430459],[125.3488132,43.7424104],[125.3484274,43.7416092],[125.3480416,43.740808],[125.3476557,43.7400068],[125.3472699,43.7392056]]}},{"type":"Feature","properties":{"layer":"secondary","name":"畅溪街","detail_level":2,"route_related":false,"fragment":"b"},"geometry":{"type":"LineString","coordinates":[[125.3472699,43.7392056],[125.3469639,43.7383466],[125.3468677,43.737844],[125.3468438,43.7368107],[125.3468569,43.7364256],[125.34705,43.7354597],[125.3474616,43.7344843],[125.3477579,43.7340197],[125.348335,43.7332165],[125.3487648,43.7327722],[125.3497162,43.7319884],[125.3507844,43.7312146],[125.3518526,43.7304408],[125.3529208,43.729667],[125.353989,43.7288932],[125.3545012,43.728437],[125.3550156,43.7277594],[125.3554548,43.7267561],[125.3555535,43.7260439],[125.3554946,43.7250544],[125.3554358,43.7240648],[125.3553769,43.7230753]]}},{"type":"Feature","properties":{"layer":"secondary","name":"繁荣路","detail_level":2,"route_related":false,"fragment":"a"},"geometry":{"type":"LineString","coordinates":[[125.3415298,43.8388378],[125.3401629,43.838848],[125.338796,43.8388581],[125.3374291,43.8388683],[125.3360623,43.8388785],[125.3346954,43.8388887],[125.3333285,43.8388988],[125.3319616,43.838909],[125.3305234,43.8386883],[125.3290852,43.8384676],[125.3279215,43.8382672],[125.3267578,43.8380669],[125.3255941,43.8378665],[125.3250585,43.8378184],[125.3235109,43.8378004],[125.3219632,43.8377825],[125.3204156,43.8377645],[125.3188679,43.8377466],[125.3173203,43.8377286]]}},{"type":"Feature","properties":{"layer":"secondary","name":"繁荣路","detail_level":2,"route_related":false,"fragment":"b"},"geometry":{"type":"LineString","coordinates":[[125.3173203,43.8377286],[125.3157727,43.8377106],[125.314225,43.8376927],[125.3126774,43.8376747],[125.3111297,43.8376568],[125.3095821,43.8376388],[125.3082589,43.8376408],[125.3069357,43.8376427],[125.3054697,43.8376216],[125.3040038,43.8376005],[125.3025378,43.8375793],[125.3010719,43.8375582],[125.2996059,43.8375371],[125.29814,43.837516],[125.296674,43.8374949],[125.2952081,43.8374738],[125.2937421,43.8374526],[125.2922762,43.8374315]]}},{"type":"Feature","properties":{"layer":"secondary","name":"繁荣路","detail_level":2,"route_related":false,"fragment":"a"},"geometry":{"type":"LineString","coordinates":[[125.2922762,43.8374315],[125.2908102,43.8374104],[125.2893438,43.837395],[125.2878774,43.8373797],[125.2864111,43.8373643],[125.2849447,43.8373489],[125.2834783,43.8373336],[125.2820119,43.8373182],[125.2805456,43.8373028],[125.2790792,43.8372875],[125.2776128,43.8372721],[125.2761464,43.8372567],[125.2746801,43.8372413],[125.2732137,43.837226],[125.2717473,43.8372106],[125.270281,43.8371952],[125.2688146,43.8371799],[125.2673482,43.8371645]]}},{"type":"Feature","properties":{"layer":"secondary","name":"繁荣路","detail_level":2,"route_related":false,"fragment":"b"},"geometry":{"type":"LineString","coordinates":[[125.2673482,43.8371645],[125.2671741,43.8371213],[125.2662747,43.8366659],[125.2653753,43.8362105],[125.2641439,43.8356198],[125.2629125,43.8350291],[125.261681,43.8344385],[125.2604496,43.8338478],[125.2592182,43.8332571],[125.2579868,43.8326664],[125.2568458,43.8319473],[125.2557049,43.8312282],[125.2545639,43.830509],[125.253423,43.8297899],[125.252282,43.8290708],[125.251141,43.8283517],[125.2500001,43.8276325],[125.2488591,43.8269134]]}},{"type":"Feature","properties":{"layer":"secondary","name":"繁荣路","detail_level":2,"route_related":false,"fragment":"a"},"geometry":{"type":"LineString","coordinates":[[125.2489459,43.8268581],[125.250083,43.8275761],[125.25122,43.8282941],[125.2523571,43.8290121],[125.2534941,43.8297301],[125.2546312,43.8304481],[125.2557683,43.8311661],[125.2569053,43.8318841],[125.2580424,43.8326021],[125.2592873,43.8332069],[125.2605323,43.8338118],[125.2617772,43.8344166],[125.2630222,43.8350214],[125.2642671,43.8356262],[125.2655121,43.8362311],[125.266757,43.8368359],[125.2671902,43.8370381],[125.2673976,43.8370818]]}},{"type":"Feature","properties":{"layer":"secondary","name":"繁荣路","detail_level":2,"route_related":false,"fragment":"b"},"geometry":{"type":"LineString","coordinates":[[125.2673976,43.8370818],[125.2688976,43.8370994],[125.2703976,43.8371169],[125.2718976,43.8371345],[125.2733976,43.837152],[125.2748976,43.8371696],[125.2763976,43.8371871],[125.2778976,43.8372047],[125.2793976,43.8372222],[125.2808976,43.8372398],[125.2823976,43.8372573],[125.2838977,43.8372749],[125.2853977,43.8372925],[125.2868977,43.83731],[125.2883977,43.8373276],[125.2898977,43.8373451],[125.2913977,43.8373627],[125.2928977,43.8373802]]}},{"type":"Feature","properties":{"layer":"secondary","name":"繁荣路","detail_level":2,"route_related":false,"fragment":"a"},"geometry":{"type":"LineString","coordinates":[[125.2928977,43.8373802],[125.2943977,43.8373978],[125.2958977,43.8374153],[125.2973977,43.8374329],[125.2988977,43.8374504],[125.3003977,43.837468],[125.3019328,43.8374784],[125.3034678,43.8374888],[125.3050029,43.8374992],[125.306538,43.8375096],[125.308073,43.83752],[125.3096081,43.8375304],[125.3111614,43.8375521],[125.3127147,43.8375739],[125.3142679,43.8375956],[125.3158212,43.8376173],[125.3173745,43.837639],[125.3189278,43.8376608]]}},{"type":"Feature","properties":{"layer":"secondary","name":"繁荣路","detail_level":2,"route_related":false,"fragment":"b"},"geometry":{"type":"LineString","coordinates":[[125.3189278,43.8376608],[125.3204811,43.8376825],[125.3220343,43.8377042],[125.3235876,43.837726],[125.3251409,43.8377477],[125.3255593,43.8377807],[125.3268335,43.8379872],[125.3281076,43.8381936],[125.3293818,43.8384001],[125.3306559,43.8386065],[125.3319301,43.838813],[125.3333006,43.8387978],[125.3346711,43.8387827],[125.3360416,43.8387675],[125.3374122,43.8387524],[125.3387827,43.8387372],[125.3401532,43.8387221],[125.3415237,43.8387069]]}},{"type":"Feature","properties":{"layer":"secondary","name":"装备大路","detail_level":2,"route_related":false,"fragment":"a"},"geometry":{"type":"LineString","coordinates":[[125.1538364,43.9793407],[125.1551774,43.9791745],[125.1565184,43.9790082],[125.1578595,43.9788419],[125.1592005,43.9786757],[125.160582,43.9786841],[125.1619635,43.9786926],[125.1633451,43.978701],[125.1647266,43.9787095],[125.1661081,43.9787179],[125.1674897,43.9787264],[125.1688712,43.9787348],[125.1702527,43.9787433],[125.1716594,43.9787413],[125.1730661,43.9787393],[125.1744727,43.9787373],[125.1758794,43.9787353],[125.1772861,43.9787333]]}},{"type":"Feature","properties":{"layer":"secondary","name":"装备大路","detail_level":2,"route_related":false,"fragment":"b"},"geometry":{"type":"LineString","coordinates":[[125.1772861,43.9787333],[125.1786928,43.9787313],[125.1800994,43.9787293],[125.1815061,43.9787273],[125.1829128,43.9787253],[125.1841306,43.9788681],[125.184954,43.9791132],[125.1862857,43.9796247],[125.1876174,43.9801362],[125.1889491,43.9806478],[125.1902809,43.9811593],[125.1916126,43.9816708],[125.1929443,43.9821823],[125.194276,43.9826938],[125.1956077,43.9832053],[125.1969394,43.9837169],[125.1982711,43.9842284],[125.1996029,43.9847399]]}},{"type":"Feature","properties":{"layer":"secondary","name":"装备大路","detail_level":2,"route_related":false,"fragment":"a"},"geometry":{"type":"LineString","coordinates":[[125.1996029,43.9847399],[125.2009346,43.9852514],[125.2022663,43.9857629],[125.203598,43.9862745],[125.2049297,43.986786],[125.2062614,43.9872975],[125.2075931,43.987809],[125.2089248,43.9883205],[125.2102566,43.988832],[125.2115883,43.9893436],[125.21292,43.9898551],[125.2142517,43.9903666],[125.2152817,43.990876],[125.2159254,43.9910613],[125.2169768,43.9912156],[125.2175562,43.9913546],[125.2187042,43.99181],[125.2198521,43.9922654]]}},{"type":"Feature","properties":{"layer":"secondary","name":"装备大路","detail_level":2,"route_related":false,"fragment":"b"},"geometry":{"type":"LineString","coordinates":[[125.2198521,43.9922654],[125.220174,43.9925432],[125.220689,43.9933614],[125.2211825,43.9937319],[125.2224787,43.9943552],[125.2237748,43.9949784],[125.225071,43.9956017],[125.2263672,43.9962249],[125.2276633,43.9968482],[125.2289595,43.9974715],[125.2302556,43.9980947],[125.2315518,43.998718],[125.2326342,43.9992466],[125.2337167,43.9997752],[125.2347991,44.0003038],[125.2358815,44.0008324],[125.2361463,44.0009974]]}},{"type":"Feature","properties":{"layer":"secondary","name":"长伊线","detail_level":2,"route_related":false,"fragment":"a"},"geometry":{"type":"LineString","coordinates":[[125.4068276,43.6635845],[125.4067725,43.6642219],[125.406589,43.6646402],[125.4060934,43.6653373],[125.4053347,43.6663088],[125.4045761,43.6672802],[125.4038174,43.6682517],[125.4030556,43.6691744],[125.4022939,43.6700971],[125.4015321,43.6710199],[125.4007704,43.6719426],[125.4000086,43.6728653],[125.3991721,43.6736268],[125.3983357,43.6743882],[125.3974992,43.6751497],[125.3966627,43.6759111],[125.3958262,43.6766726],[125.3949898,43.677434]]}},{"type":"Feature","properties":{"layer":"secondary","name":"长伊线","detail_level":2,"route_related":false,"fragment":"b"},"geometry":{"type":"LineString","coordinates":[[125.3949898,43.677434],[125.3941533,43.6781955],[125.3933732,43.6788526],[125.3928042,43.6790982],[125.3922995,43.6792442],[125.3909075,43.6794079],[125.3895156,43.6795717],[125.3881236,43.6797354],[125.3874445,43.6799677],[125.3868296,43.6803128],[125.386334,43.6807376],[125.3858935,43.6813649],[125.385453,43.6819921],[125.3852602,43.6824633],[125.3849615,43.683484],[125.3846627,43.6845048],[125.384364,43.6855255]]}},{"type":"Feature","properties":{"layer":"secondary","name":"长伊线","detail_level":2,"route_related":false,"fragment":"a"},"geometry":{"type":"LineString","coordinates":[[125.384364,43.6855255],[125.3840653,43.6865463],[125.3837666,43.687567],[125.3834678,43.6885878],[125.3831691,43.6896085],[125.3828704,43.6906293],[125.3825717,43.69165],[125.3822729,43.6926708],[125.3819742,43.6936915],[125.3815691,43.6946248],[125.3811639,43.6955582],[125.3807588,43.6964915],[125.3804454,43.6974146],[125.380132,43.6983376],[125.3800303,43.6988279],[125.3801036,43.6992527],[125.3803961,43.6998299]]}},{"type":"Feature","properties":{"layer":"secondary","name":"长伊线","detail_level":2,"route_related":false,"fragment":"b"},"geometry":{"type":"LineString","coordinates":[[125.3803961,43.6998299],[125.3808458,43.700301],[125.3816465,43.7009944],[125.3824473,43.7016877],[125.3832481,43.702381],[125.3840488,43.7030744],[125.3843608,43.7034526],[125.3845719,43.7038308],[125.3848581,43.70492],[125.3851443,43.7060091],[125.3854306,43.7070983],[125.3857168,43.7081875],[125.3860856,43.7091186],[125.3864544,43.7100497],[125.3868231,43.7109808],[125.3871919,43.7119119],[125.3875607,43.712843]]}},{"type":"Feature","properties":{"layer":"secondary","name":"山水大道","detail_level":2,"route_related":false,"fragment":"a"},"geometry":{"type":"LineString","coordinates":[[125.5632173,44.0097526],[125.5632467,44.0088958],[125.5630965,44.0081704],[125.5627103,44.0071637],[125.562324,44.0061571],[125.5619378,44.0051504],[125.5615515,44.0041437],[125.5611653,44.0031371],[125.560779,44.0021304],[125.5603928,44.0011237],[125.5600065,44.0001171],[125.5596203,43.9991104],[125.5592341,43.9983],[125.5588479,43.9974896],[125.5582136,43.9964919],[125.5575484,43.9956429]]}},{"type":"Feature","properties":{"layer":"secondary","name":"山水大道","detail_level":2,"route_related":false,"fragment":"b"},"geometry":{"type":"LineString","coordinates":[[125.5575484,43.9956429],[125.557012,43.995064],[125.5564755,43.9944851],[125.5558104,43.9939139],[125.5551452,43.9933428],[125.5540737,43.9925956],[125.5530022,43.9918484],[125.5519308,43.9911012],[125.5508593,43.990354],[125.5497878,43.9896068],[125.5487164,43.9888596],[125.5476449,43.9881124],[125.5465734,43.9873652],[125.5455019,43.986618],[125.5444304,43.9858708]]}},{"type":"Feature","properties":{"layer":"secondary","name":"山水大道","detail_level":2,"route_related":false,"fragment":"a"},"geometry":{"type":"LineString","coordinates":[[125.5444304,43.9858708],[125.543359,43.9851236],[125.5422875,43.9843764],[125.5412532,43.9836053],[125.540219,43.9828342],[125.5391848,43.9820631],[125.5381505,43.9812919],[125.5371162,43.9805208],[125.536082,43.9797497],[125.5352504,43.978841],[125.5346435,43.9779532],[125.5340366,43.9770654],[125.5334298,43.9761777],[125.5328229,43.9752899],[125.532216,43.9744021],[125.5318361,43.9739006]]}},{"type":"Feature","properties":{"layer":"secondary","name":"山水大道","detail_level":2,"route_related":false,"fragment":"b"},"geometry":{"type":"LineString","coordinates":[[125.5318361,43.9739006],[125.5314561,43.9733991],[125.5306926,43.9726309],[125.5297213,43.9717531],[125.5287499,43.9708753],[125.5277786,43.9699975],[125.5268073,43.9691196],[125.525836,43.9682418],[125.5248646,43.967364],[125.5238933,43.9664862],[125.5234964,43.9660209],[125.5231709,43.9654977],[125.5228721,43.9648622],[125.5227473,43.9642043],[125.5227252,43.9632957]]}},{"type":"Feature","properties":{"layer":"secondary","name":"人民大街辅路","detail_level":2,"route_related":false,"fragment":"a"},"geometry":{"type":"LineString","coordinates":[[125.3200225,43.8310355],[125.319727,43.8312147],[125.3195509,43.8316826],[125.3195259,43.8328036],[125.3195008,43.8339246],[125.3194758,43.8350456],[125.3194507,43.8361666],[125.3194257,43.8372877],[125.3194006,43.8384087],[125.3193756,43.8395297],[125.3193506,43.8406507],[125.3193255,43.8417717],[125.3193005,43.8428927],[125.3192754,43.8440137],[125.3192504,43.8451347],[125.3192253,43.8462557],[125.3192003,43.8473768],[125.3191752,43.8484978],[125.3191502,43.8496188],[125.3191252,43.8507398],[125.3191001,43.8518608],[125.3190751,43.8529818],[125.31905,43.8541028],[125.319025,43.8552238],[125.3189999,43.8563448],[125.3189749,43.8574658]]}},{"type":"Feature","properties":{"layer":"secondary","name":"人民大街辅路","detail_level":2,"route_related":false,"fragment":"b"},"geometry":{"type":"LineString","coordinates":[[125.3189749,43.8574658],[125.3189499,43.8585869],[125.3189248,43.8597079],[125.3188998,43.8608289],[125.3188747,43.8619499],[125.3188497,43.8630709],[125.3188246,43.8641919],[125.3187996,43.8653129],[125.3187746,43.8664339],[125.3187495,43.8675549],[125.3187245,43.868676],[125.3186994,43.869797],[125.3186744,43.870918],[125.3186493,43.872039],[125.3186243,43.87316],[125.3185992,43.874281],[125.3185742,43.875402],[125.3185492,43.876523],[125.3185241,43.877644],[125.3184991,43.8787651],[125.318474,43.8798861],[125.318449,43.8810071],[125.3184239,43.8821281],[125.3183989,43.8832491],[125.3184821,43.8833825],[125.3186552,43.8834726]]}},{"type":"Feature","properties":{"layer":"secondary","name":"人民大路辅路","detail_level":2,"route_related":false,"fragment":"a"},"geometry":{"type":"LineString","coordinates":[[125.3176682,43.8834756],[125.3178799,43.8833647],[125.3179906,43.8832153],[125.3180157,43.8820936],[125.3180407,43.880972],[125.3180658,43.8798503],[125.3180908,43.8787286],[125.3181159,43.8776069],[125.3181409,43.8764853],[125.318166,43.8753636],[125.318191,43.8742419],[125.3182161,43.8731203],[125.3182411,43.8719986],[125.3182662,43.8708769],[125.3182912,43.8697552],[125.3183163,43.8686336],[125.3183413,43.8675119],[125.3183664,43.8663902],[125.3183914,43.8652686],[125.3184165,43.8641469],[125.3184415,43.8630252],[125.3184666,43.8619035],[125.3184916,43.8607819],[125.3185167,43.8596602],[125.3185417,43.8585385],[125.3185668,43.8574169]]}},{"type":"Feature","properties":{"layer":"secondary","name":"人民大路辅路","detail_level":2,"route_related":false,"fragment":"b"},"geometry":{"type":"LineString","coordinates":[[125.3185668,43.8574169],[125.3185919,43.8562952],[125.3186169,43.8551735],[125.318642,43.8540518],[125.318667,43.8529302],[125.3186921,43.8518085],[125.3187171,43.8506868],[125.3187422,43.8495651],[125.3187672,43.8484435],[125.3187923,43.8473218],[125.3188173,43.8462001],[125.3188424,43.8450785],[125.3188674,43.8439568],[125.3188925,43.8428351],[125.3189175,43.8417134],[125.3189426,43.8405918],[125.3189676,43.8394701],[125.3189927,43.8383484],[125.3190177,43.8372268],[125.3190428,43.8361051],[125.3190678,43.8349834],[125.3190929,43.8338617],[125.3191179,43.8327401],[125.319143,43.8316184],[125.319126,43.8313173],[125.3189332,43.8310746]]}},{"type":"Feature","properties":{"layer":"secondary","name":"湖兴路","detail_level":2,"route_related":false,"fragment":"a"},"geometry":{"type":"LineString","coordinates":[[125.3781206,43.964879],[125.3796579,43.9648759],[125.3811952,43.9648728],[125.3827325,43.9648697],[125.3842698,43.9648666],[125.3858071,43.9648636],[125.3873444,43.9648605],[125.3888817,43.9648574],[125.390419,43.9648543],[125.3919563,43.9648512],[125.3934936,43.9648481],[125.3950309,43.964845],[125.3965682,43.9648419],[125.3981055,43.9648388],[125.3996427,43.9648358],[125.40118,43.9648327],[125.4027173,43.9648296],[125.4042546,43.9648265],[125.4057919,43.9648234],[125.4073292,43.9648203],[125.4088665,43.9648172],[125.4104038,43.9648141],[125.4119411,43.964811]]}},{"type":"Feature","properties":{"layer":"secondary","name":"湖兴路","detail_level":2,"route_related":false,"fragment":"b"},"geometry":{"type":"LineString","coordinates":[[125.4119411,43.964811],[125.4134784,43.964808],[125.4150157,43.9648049],[125.416553,43.9648018],[125.4180903,43.9647987],[125.4196276,43.9647956],[125.4211074,43.9647983],[125.4225872,43.9648009],[125.4240671,43.9648036],[125.4255469,43.9648063],[125.4270267,43.964809],[125.4285065,43.9648116],[125.4299863,43.9648143],[125.4314661,43.964817],[125.432946,43.9648196],[125.4344258,43.9648223],[125.4359056,43.964825],[125.4373854,43.9648276],[125.4388652,43.9648303],[125.440345,43.964833],[125.4418249,43.9648357],[125.4433047,43.9648383],[125.4447845,43.964841]]}},{"type":"Feature","properties":{"layer":"secondary","name":"湖兴路","detail_level":2,"route_related":false,"fragment":"a"},"geometry":{"type":"LineString","coordinates":[[125.4447456,43.9649626],[125.4434076,43.9649477],[125.4420696,43.9649327],[125.4407316,43.9649178],[125.4395263,43.964932],[125.4383209,43.9649462],[125.4371156,43.9649603],[125.4359102,43.9649745],[125.4344303,43.9649721],[125.4329505,43.9649698],[125.4314706,43.9649674],[125.4299908,43.964965],[125.4285109,43.9649626],[125.4270311,43.9649603],[125.4255512,43.9649579],[125.4240714,43.9649555],[125.4225915,43.9649531],[125.4211117,43.9649508],[125.4196318,43.9649484],[125.4180943,43.9649503],[125.4165569,43.9649523],[125.4150194,43.9649542],[125.4134819,43.9649562],[125.4119445,43.9649581]]}},{"type":"Feature","properties":{"layer":"secondary","name":"湖兴路","detail_level":2,"route_related":false,"fragment":"b"},"geometry":{"type":"LineString","coordinates":[[125.4119445,43.9649581],[125.410407,43.96496],[125.4088695,43.964962],[125.4073321,43.9649639],[125.4057946,43.9649659],[125.4042571,43.9649678],[125.4027197,43.9649697],[125.4011822,43.9649717],[125.3996447,43.9649736],[125.3981073,43.9649756],[125.3965698,43.9649775],[125.3950323,43.9649795],[125.3934949,43.9649814],[125.3919574,43.9649833],[125.3904199,43.9649853],[125.3888825,43.9649872],[125.387345,43.9649892],[125.3858075,43.9649911],[125.3842701,43.964993],[125.3827326,43.964995],[125.3811951,43.9649969],[125.3796577,43.9649989],[125.3781202,43.9650008]]}},{"type":"Feature","properties":{"layer":"secondary","name":"装备大路","detail_level":2,"route_related":true,"fragment":"a"},"geometry":{"type":"LineString","coordinates":[[125.2360576,44.0010955],[125.2348085,44.0004926],[125.2335593,43.9998897],[125.2323102,43.9992867],[125.2310611,43.9986838],[125.2298119,43.9980809],[125.2285628,43.997478],[125.2273137,43.9968751],[125.2260645,43.9962722],[125.2248154,43.9956692],[125.2235663,43.9950663],[125.2223171,43.9944634],[125.221068,43.9938605],[125.2205745,43.99349],[125.2200595,43.9926718],[125.2197376,43.992394],[125.2185896,43.9919386],[125.2174417,43.9914832],[125.2168623,43.9913442],[125.2158109,43.9911899],[125.2151672,43.9910046],[125.2141372,43.9904952],[125.2128049,43.9899843],[125.2114725,43.9894734],[125.2101402,43.9889625]]}},{"type":"Feature","properties":{"layer":"secondary","name":"装备大路","detail_level":2,"route_related":true,"fragment":"b"},"geometry":{"type":"LineString","coordinates":[[125.2101402,43.9889625],[125.2088079,43.9884516],[125.2074756,43.9879407],[125.2061432,43.9874298],[125.2048109,43.9869189],[125.2034786,43.986408],[125.2021463,43.9858971],[125.2008139,43.9853862],[125.1994816,43.9848753],[125.1981493,43.9843643],[125.1968169,43.9838534],[125.1954846,43.9833425],[125.1941523,43.9828316],[125.19282,43.9823207],[125.1914876,43.9818098],[125.1901553,43.9812989],[125.188823,43.980788],[125.1874907,43.9802771],[125.1861583,43.9797662],[125.184826,43.9792553],[125.1840321,43.9790237],[125.1831738,43.9789157],[125.1818909,43.9789086],[125.1806081,43.9789014],[125.1793252,43.9788943]]}},{"type":"Feature","properties":{"layer":"secondary","name":"卡伦老街","detail_level":2,"route_related":false,"fragment":"a"},"geometry":{"type":"LineString","coordinates":[[125.5485592,44.0458713],[125.5490999,44.0449101],[125.5496405,44.043949],[125.5501812,44.0429878],[125.5507218,44.0420266],[125.5512625,44.0410655],[125.5518031,44.0401043],[125.5523438,44.0391431],[125.5528844,44.038182],[125.5534251,44.0372208],[125.5533493,44.0365028],[125.5533627,44.0359193],[125.5535087,44.0350353],[125.5536547,44.0341514],[125.5538008,44.0332674],[125.5539468,44.0323834],[125.5539223,44.0319899],[125.553751,44.0312498],[125.5535798,44.0305097],[125.5534828,44.0299301],[125.5533859,44.0293505],[125.5532868,44.0291298],[125.5529897,44.028821],[125.5518873,44.0281176],[125.5507849,44.0274141],[125.5496825,44.0267107]]}},{"type":"Feature","properties":{"layer":"secondary","name":"卡伦老街","detail_level":2,"route_related":false,"fragment":"b"},"geometry":{"type":"LineString","coordinates":[[125.5496825,44.0267107],[125.54858,44.0260072],[125.5474776,44.0253038],[125.5463752,44.0246003],[125.5452728,44.0238969],[125.5441704,44.0231935],[125.543068,44.02249],[125.5419656,44.0217866],[125.5408632,44.0210831],[125.5397607,44.0203797],[125.5386583,44.0196762],[125.5375559,44.0189728],[125.5364535,44.0182693],[125.5353511,44.0175659],[125.5342324,44.0167909],[125.5331138,44.0160158],[125.5319951,44.0152408],[125.5310753,44.0144639],[125.5301555,44.013687],[125.5292357,44.0129101],[125.528316,44.0121331],[125.5273962,44.0113562],[125.5264764,44.0105793],[125.5255566,44.0098024],[125.5246368,44.0090255],[125.5245545,44.0087802]]}},{"type":"Feature","properties":{"layer":"secondary","name":"超越大街","detail_level":2,"route_related":false,"fragment":"a"},"geometry":{"type":"LineString","coordinates":[[125.2474346,43.7586134],[125.2473759,43.7587903],[125.2471399,43.7591133],[125.246192,43.7599742],[125.2452441,43.7608352],[125.2442962,43.7616962],[125.2433483,43.7625571],[125.2424004,43.763418],[125.2414526,43.764279],[125.2405047,43.76514],[125.2395568,43.7660009],[125.2386089,43.7668618],[125.237661,43.7677228],[125.23716,43.768272],[125.2366109,43.7689873],[125.2362886,43.7695351],[125.2359663,43.7700829],[125.2355935,43.7711603],[125.2354194,43.7718937],[125.2353556,43.7725253],[125.2353544,43.7736439],[125.2353532,43.7747625],[125.235352,43.7758811]]}},{"type":"Feature","properties":{"layer":"secondary","name":"超越大街","detail_level":2,"route_related":false,"fragment":"b"},"geometry":{"type":"LineString","coordinates":[[125.235352,43.7758811],[125.2353508,43.7769996],[125.2353495,43.7781182],[125.2353483,43.7792368],[125.2353471,43.7803554],[125.2353459,43.781474],[125.2353447,43.7825926],[125.2353435,43.7837111],[125.2353423,43.7848297],[125.2353411,43.7859483],[125.2353398,43.7870669],[125.2353386,43.7881855],[125.2353374,43.7893041],[125.2353362,43.7904226],[125.235335,43.7915412],[125.2353338,43.7926598],[125.2353326,43.7937784],[125.2353314,43.794897],[125.2353301,43.7960156],[125.2353289,43.7971341],[125.2353277,43.7982527],[125.2353265,43.7993713],[125.2353253,43.8004899]]}},{"type":"Feature","properties":{"layer":"secondary","name":"城南大路","detail_level":2,"route_related":false,"fragment":"a"},"geometry":{"type":"LineString","coordinates":[[125.3293475,43.7883343],[125.3279412,43.7879717],[125.326535,43.7876091],[125.3251287,43.7872466],[125.3237225,43.786884],[125.3223162,43.7865214],[125.3209627,43.7861291],[125.3196092,43.7857368],[125.3182556,43.7853444],[125.3169021,43.7849521],[125.3155486,43.7845598],[125.3142676,43.7841417],[125.3129865,43.7837235],[125.3117055,43.7833054],[125.3104385,43.7828496],[125.3091715,43.7823938],[125.3079045,43.781938],[125.3065492,43.7813874],[125.3051939,43.7808369],[125.3038386,43.7802863],[125.3024833,43.7797357],[125.3015286,43.7793114]]}},{"type":"Feature","properties":{"layer":"secondary","name":"城南大路","detail_level":2,"route_related":false,"fragment":"b"},"geometry":{"type":"LineString","coordinates":[[125.3015286,43.7793114],[125.3005739,43.7788871],[125.2992903,43.778286],[125.2980067,43.7776849],[125.2967231,43.7770838],[125.2954561,43.7764501],[125.2941891,43.7758164],[125.2929221,43.7751827],[125.291655,43.774549],[125.290388,43.7739153],[125.289121,43.7732816],[125.287854,43.7726478],[125.286587,43.7720141],[125.28532,43.7713804],[125.2840529,43.7707467],[125.2827859,43.770113],[125.2815189,43.7694793],[125.2802519,43.7688456],[125.2791984,43.7683569],[125.2780546,43.7679364],[125.2769107,43.7675158],[125.2757669,43.7670953]]}},{"type":"Feature","properties":{"layer":"secondary","name":"北四环路辅路","detail_level":2,"route_related":true,"fragment":"a"},"geometry":{"type":"LineString","coordinates":[[125.2731492,43.956153],[125.2718442,43.9555657],[125.2705393,43.9549783],[125.2692343,43.954391],[125.2679294,43.9538037],[125.2666244,43.9532164],[125.2653194,43.952629],[125.2640145,43.9520417],[125.2627095,43.9514544],[125.2614046,43.9508671],[125.2600996,43.9502797],[125.2587947,43.9496924],[125.2574897,43.9491051],[125.2566422,43.9488502],[125.2562237,43.9486764],[125.2557195,43.9483481],[125.2550813,43.9480199],[125.2544432,43.9476917],[125.2533184,43.947203],[125.2521936,43.9467142],[125.2510688,43.9462255],[125.2500205,43.9458494],[125.2489722,43.9454732],[125.2481693,43.9452225],[125.2473664,43.9449717],[125.2460465,43.9446302]]}},{"type":"Feature","properties":{"layer":"secondary","name":"北四环路辅路","detail_level":2,"route_related":true,"fragment":"b"},"geometry":{"type":"LineString","coordinates":[[125.2460465,43.9446302],[125.2447267,43.9442887],[125.2434068,43.9439473],[125.242087,43.9436058],[125.2407671,43.9432643],[125.2398558,43.9430025],[125.2389444,43.9427406],[125.2381423,43.9424606],[125.2373402,43.9421806],[125.2362648,43.9416834],[125.2351893,43.9411861],[125.2340992,43.940572],[125.2331644,43.9399299],[125.2322295,43.9392879],[125.2315459,43.9386387],[125.2308623,43.9379895],[125.2300888,43.9371172],[125.2296582,43.9365177],[125.2292275,43.9359182],[125.2288506,43.9352399],[125.2284738,43.9345616],[125.228158,43.9337373],[125.2278422,43.932913],[125.2276696,43.9322097],[125.22759,43.9315805]]}},{"type":"Feature","properties":{"layer":"secondary","name":"北四环路辅路","detail_level":2,"route_related":true,"fragment":"a"},"geometry":{"type":"LineString","coordinates":[[125.2282124,43.9317891],[125.2284515,43.9326161],[125.2286906,43.9334431],[125.2291627,43.9343548],[125.2295883,43.9350759],[125.2300138,43.935797],[125.2304394,43.9365181],[125.2309651,43.9372289],[125.2317161,43.9379629],[125.2324189,43.9385655],[125.2331216,43.9391681],[125.2338083,43.9396741],[125.2344949,43.9401801],[125.2354176,43.9407518],[125.2366406,43.9413158],[125.2378637,43.9418797],[125.2387221,43.9421655],[125.2395804,43.9424513],[125.2408571,43.9427758],[125.2421338,43.9431002],[125.2434105,43.9434246],[125.2446873,43.9437491],[125.245964,43.9440735],[125.2472407,43.944398]]}},{"type":"Feature","properties":{"layer":"secondary","name":"北四环路辅路","detail_level":2,"route_related":true,"fragment":"b"},"geometry":{"type":"LineString","coordinates":[[125.2472407,43.944398],[125.248217,43.9446993],[125.2491934,43.9450006],[125.2503239,43.9454404],[125.2514543,43.9458802],[125.2525848,43.94632],[125.2535197,43.9467329],[125.2544546,43.9471459],[125.2553895,43.9475588],[125.2566309,43.9480587],[125.2570899,43.9483341],[125.2583505,43.9489037],[125.2596112,43.9494733],[125.2608718,43.9500429],[125.2621325,43.9506126],[125.2633931,43.9511822],[125.2646537,43.9517518],[125.2659144,43.9523214],[125.267175,43.952891],[125.2684356,43.9534606],[125.2696963,43.9540303],[125.2709569,43.9545999],[125.2722176,43.9551695],[125.2734782,43.9557391]]}},{"type":"Feature","properties":{"layer":"tertiary","name":"浦东路","detail_level":3,"route_related":true,"fragment":"a"},"geometry":{"type":"LineString","coordinates":[[125.3580533,43.8553776],[125.3595553,43.8553942],[125.3610572,43.8554108],[125.3625592,43.8554275],[125.3640611,43.8554441],[125.3655631,43.8554607],[125.367065,43.8554773],[125.368567,43.8554939],[125.3700689,43.8555106],[125.3715709,43.8555272],[125.3730728,43.8555438],[125.3745748,43.8555604],[125.3760767,43.8555771],[125.3775787,43.8555937],[125.3790806,43.8556103],[125.3805826,43.8556269],[125.3820845,43.8556435],[125.3835865,43.8556602],[125.3850884,43.8556768],[125.3865904,43.8556934],[125.3881378,43.8557031]]}},{"type":"Feature","properties":{"layer":"tertiary","name":"浦东路","detail_level":3,"route_related":true,"fragment":"b"},"geometry":{"type":"LineString","coordinates":[[125.3881378,43.8557031],[125.3896853,43.8557129],[125.3909034,43.8557015],[125.3921215,43.85569],[125.3933396,43.8556786],[125.3945577,43.8556672],[125.3956591,43.8557121],[125.3967605,43.8557569],[125.3978619,43.8558018],[125.399394,43.8558186],[125.4009262,43.8558353],[125.4024583,43.8558521],[125.4039905,43.8558688],[125.4055226,43.8558856],[125.4070548,43.8559024],[125.4085869,43.8559191],[125.410119,43.8559359],[125.4116512,43.8559526],[125.4131833,43.8559694],[125.4147155,43.8559861],[125.4162476,43.8560029]]}},{"type":"Feature","properties":{"layer":"tertiary","name":"工农大路辅路","detail_level":3,"route_related":true},"geometry":{"type":"LineString","coordinates":[[125.2852228,43.8734664],[125.2859881,43.8729043],[125.2867534,43.8723423],[125.2869654,43.8721363],[125.2880016,43.8713726],[125.2890378,43.8706088],[125.290074,43.8698451],[125.2911103,43.8690813],[125.2921465,43.8683176],[125.2931827,43.8675539],[125.2942189,43.8667901],[125.2952551,43.8660264],[125.2962913,43.8652627],[125.2973276,43.8644989],[125.2983638,43.8637352],[125.2994,43.8629714],[125.3004362,43.8622077],[125.3005877,43.862039],[125.300595,43.8618777]]}},{"type":"Feature","properties":{"layer":"tertiary","name":"新疆街","detail_level":3,"route_related":true},"geometry":{"type":"LineString","coordinates":[[125.3046946,43.8615939],[125.3046707,43.8626592],[125.3046468,43.8637244],[125.3046229,43.8647897],[125.304599,43.8658549],[125.3045751,43.8669202],[125.3045512,43.8679854],[125.3045272,43.8690507],[125.3045033,43.8701159],[125.3044794,43.8711812],[125.3044555,43.8722464],[125.3044316,43.8733117],[125.3044077,43.8743769],[125.3043838,43.8754422],[125.3044417,43.8756742]]}},{"type":"Feature","properties":{"layer":"tertiary","name":"净月大街","detail_level":3,"route_related":true},"geometry":{"type":"LineString","coordinates":[[125.4465697,43.7989674],[125.4467685,43.7990077],[125.4463525,43.7997626],[125.4459364,43.8005175],[125.4455204,43.8012724],[125.4454026,43.8014024]]}},{"type":"Feature","properties":{"layer":"tertiary","name":"浦东路","detail_level":3,"route_related":true,"fragment":"a"},"geometry":{"type":"LineString","coordinates":[[125.4162456,43.8560572],[125.4153113,43.8560641],[125.4143769,43.856071],[125.4128754,43.8560527],[125.411374,43.8560344],[125.4098725,43.856016],[125.408371,43.8559977],[125.4068695,43.8559794],[125.4053681,43.8559611],[125.4038666,43.8559428],[125.4023651,43.8559245],[125.4008636,43.8559061],[125.3993622,43.8558878],[125.3978607,43.8558695],[125.3967172,43.8558221],[125.3955738,43.8557748],[125.3944303,43.8557274],[125.393241,43.8557408],[125.3920517,43.8557541],[125.3908624,43.8557675],[125.3896731,43.8557809],[125.3881673,43.8557648]]}},{"type":"Feature","properties":{"layer":"tertiary","name":"浦东路","detail_level":3,"route_related":true,"fragment":"b"},"geometry":{"type":"LineString","coordinates":[[125.3881673,43.8557648],[125.3866615,43.8557487],[125.3851557,43.8557326],[125.3836499,43.8557165],[125.3821441,43.8557004],[125.3806384,43.8556844],[125.3791326,43.8556683],[125.3776268,43.8556522],[125.376121,43.8556361],[125.3746152,43.85562],[125.3731094,43.8556039],[125.3716036,43.8555878],[125.3700978,43.8555717],[125.368592,43.8555556],[125.3670862,43.8555395],[125.3655805,43.8555235],[125.3640747,43.8555074],[125.3625689,43.8554913],[125.3610631,43.8554752],[125.3595573,43.8554591],[125.3580515,43.855443]]}},{"type":"Feature","properties":{"layer":"tertiary","name":"环潭公路","detail_level":3,"route_related":true,"fragment":"a"},"geometry":{"type":"LineString","coordinates":[[125.4470048,43.7964577],[125.4464213,43.7956276],[125.4458378,43.7947975],[125.4448967,43.7944371],[125.4447748,43.794308],[125.4449087,43.7933818],[125.4450427,43.7924556],[125.4451283,43.7922478],[125.4453876,43.7921515],[125.4459345,43.7920989],[125.4461937,43.7919707],[125.4464449,43.7916738],[125.4467169,43.791542],[125.4467813,43.7913678],[125.4467276,43.7911354],[125.4466418,43.7910386],[125.4466311,43.7909496],[125.4467115,43.7908295],[125.4468564,43.7907405],[125.446851,43.7906359],[125.4467545,43.7905275],[125.4462019,43.7902758]]}},{"type":"Feature","properties":{"layer":"tertiary","name":"环潭公路","detail_level":3,"route_related":true,"fragment":"b"},"geometry":{"type":"LineString","coordinates":[[125.4462019,43.7902758],[125.4454858,43.789875],[125.4447696,43.7894742],[125.4440669,43.7892573],[125.4434178,43.788994],[125.4421732,43.7885835],[125.4417559,43.7884978],[125.4413456,43.7884578],[125.4408212,43.7885025],[125.4399452,43.7887493],[125.4393622,43.7889821],[125.4392547,43.7889938],[125.4391017,43.7889586],[125.4382973,43.7881357],[125.4374928,43.7873128],[125.4368187,43.7869437],[125.4367015,43.7868168],[125.4366526,43.7866851],[125.4366428,43.7865393],[125.4366982,43.7864124],[125.4367861,43.7862972]]}},{"type":"Feature","properties":{"layer":"tertiary","name":"环潭公路","detail_level":3,"route_related":true,"fragment":"a"},"geometry":{"type":"LineString","coordinates":[[125.4367861,43.7862972],[125.4376471,43.7857645],[125.438508,43.7852317],[125.4388871,43.7842299],[125.4392661,43.7832282],[125.4396452,43.7822264],[125.439715,43.7821141],[125.4401495,43.7817694],[125.4406162,43.7814595],[125.4409541,43.7813627],[125.4413082,43.781475],[125.4424132,43.7816842],[125.4435183,43.7818933],[125.4438402,43.7818546],[125.4439689,43.78175],[125.4440333,43.7814247],[125.4441513,43.7811652],[125.4440655,43.7810761],[125.443808,43.7806346],[125.4437919,43.7804448],[125.4440682,43.779523]]}},{"type":"Feature","properties":{"layer":"tertiary","name":"环潭公路","detail_level":3,"route_related":true,"fragment":"b"},"geometry":{"type":"LineString","coordinates":[[125.4440682,43.779523],[125.4443445,43.7786012],[125.4446288,43.778361],[125.4453476,43.7779582],[125.4456266,43.7779311],[125.4457499,43.7777955],[125.4459591,43.7774508],[125.4463668,43.7771797],[125.4469837,43.7762307],[125.4470481,43.7760719],[125.4469837,43.7758511],[125.4482122,43.7754744],[125.4494406,43.7750978],[125.4506691,43.7747211],[125.4518976,43.7743444],[125.452155,43.774294],[125.4524608,43.7742746],[125.4538046,43.774294],[125.4551484,43.7743134],[125.4557814,43.7742437],[125.4569866,43.7740074]]}},{"type":"Feature","properties":{"layer":"tertiary","name":"珠海路","detail_level":3,"route_related":true,"fragment":"a"},"geometry":{"type":"LineString","coordinates":[[125.412354,43.8397984],[125.4111475,43.8404666],[125.409941,43.8411347],[125.4097131,43.8412049],[125.4082978,43.8411908],[125.4068824,43.8411767],[125.4054671,43.8411626],[125.4040517,43.8411485],[125.4026364,43.8411344],[125.4018197,43.8411642],[125.4003041,43.8412819],[125.3987884,43.8413997],[125.3972727,43.8415174],[125.3957571,43.8416351],[125.3942414,43.8417529],[125.3927258,43.8418706],[125.3912102,43.8419883],[125.3896945,43.8421061],[125.3881789,43.8422238],[125.3866632,43.8423415]]}},{"type":"Feature","properties":{"layer":"tertiary","name":"珠海路","detail_level":3,"route_related":true,"fragment":"b"},"geometry":{"type":"LineString","coordinates":[[125.3866632,43.8423415],[125.3851475,43.8424593],[125.3836319,43.842577],[125.38214,43.8426594],[125.3806482,43.8427419],[125.3791563,43.8428243],[125.3776645,43.8429067],[125.3761726,43.8429892],[125.3746808,43.8430716],[125.3731889,43.843154],[125.3716971,43.8432365],[125.3702052,43.8433189],[125.3687134,43.8434014],[125.3672215,43.8434838],[125.3657297,43.8435662],[125.3642378,43.8436487],[125.362746,43.8437311],[125.3612541,43.8438135],[125.3597623,43.843896],[125.3582704,43.8439784]]}},{"type":"Feature","properties":{"layer":"tertiary","name":"解放大路辅路","detail_level":3,"route_related":true,"fragment":"a"},"geometry":{"type":"LineString","coordinates":[[125.3363701,43.877367],[125.335823,43.8772494],[125.3348276,43.8768631],[125.3338323,43.8764767],[125.3328369,43.8760904],[125.3313078,43.8760737],[125.3297787,43.8760569],[125.3282496,43.8760402],[125.3267205,43.8760234],[125.3251914,43.8760067],[125.3236623,43.8759899],[125.3221332,43.8759732],[125.3206041,43.8759564],[125.319075,43.8759397],[125.3175459,43.8759229],[125.3160168,43.8759062],[125.3144877,43.8758894],[125.3129586,43.8758727]]}},{"type":"Feature","properties":{"layer":"tertiary","name":"解放大路辅路","detail_level":3,"route_related":true,"fragment":"b"},"geometry":{"type":"LineString","coordinates":[[125.3129586,43.8758727],[125.3114294,43.875856],[125.3099003,43.8758392],[125.3083712,43.8758225],[125.3068421,43.8758057],[125.305313,43.875789],[125.3037839,43.8757722],[125.3022548,43.8757555],[125.3007257,43.8757387],[125.2991966,43.875722],[125.2976675,43.8757052],[125.2961384,43.8756885],[125.2946093,43.8756717],[125.2930802,43.875655],[125.2919608,43.8756398],[125.2908415,43.8756247],[125.2897221,43.8756095],[125.2893091,43.8755573]]}},{"type":"Feature","properties":{"layer":"tertiary","name":"会展大街","detail_level":3,"route_related":true,"fragment":"a"},"geometry":{"type":"LineString","coordinates":[[125.383928,43.8310368],[125.3839075,43.8321165],[125.383887,43.8331961],[125.3838664,43.8342758],[125.3838459,43.8353554],[125.3838254,43.8364351],[125.3838049,43.8375148],[125.3837844,43.8385944],[125.3837639,43.8396741],[125.3837433,43.8407537],[125.3837228,43.8418334],[125.3837023,43.842913],[125.3836818,43.8439927],[125.3836613,43.8450724],[125.3836408,43.846152],[125.3836202,43.8472317]]}},{"type":"Feature","properties":{"layer":"tertiary","name":"会展大街","detail_level":3,"route_related":true,"fragment":"b"},"geometry":{"type":"LineString","coordinates":[[125.3836202,43.8472317],[125.3835997,43.8483113],[125.3835792,43.849391],[125.3835548,43.850474],[125.3835304,43.8515569],[125.3835059,43.8526399],[125.3834815,43.8537229],[125.3834571,43.8548058],[125.3834327,43.8558888],[125.3834083,43.8569718],[125.3833839,43.8580547],[125.3833595,43.8591377],[125.383335,43.8602207],[125.3833106,43.8613036],[125.3832862,43.8623866]]}},{"type":"Feature","properties":{"layer":"tertiary","name":"会展大街","detail_level":3,"route_related":true,"fragment":"a"},"geometry":{"type":"LineString","coordinates":[[125.3831865,43.8623855],[125.3832164,43.8612631],[125.3832464,43.8601406],[125.3832763,43.8590181],[125.3833062,43.8578957],[125.3833362,43.8567733],[125.3833661,43.8556508],[125.3833872,43.8545721],[125.3834082,43.8534935],[125.3834293,43.8524148],[125.3834504,43.8513361],[125.3834714,43.8502575],[125.3834925,43.8491788],[125.3835135,43.8481002],[125.3835346,43.8470215]]}},{"type":"Feature","properties":{"layer":"tertiary","name":"会展大街","detail_level":3,"route_related":true,"fragment":"b"},"geometry":{"type":"LineString","coordinates":[[125.3835346,43.8470215],[125.3835557,43.8459428],[125.3835767,43.8448642],[125.3835978,43.8437855],[125.3836189,43.8427068],[125.3836399,43.8416282],[125.383661,43.8405495],[125.3836821,43.8394708],[125.3837031,43.8383922],[125.3837242,43.8373135],[125.3837452,43.8362349],[125.3837663,43.8351562],[125.3837874,43.8340775],[125.3838084,43.8329989],[125.3838295,43.8319202]]}},{"type":"Feature","properties":{"layer":"tertiary","name":"北海路","detail_level":3,"route_related":true,"fragment":"a"},"geometry":{"type":"LineString","coordinates":[[125.3964459,43.838034],[125.3959462,43.8379011],[125.3944623,43.8380126],[125.3929784,43.8381241],[125.3914945,43.8382356],[125.3900106,43.838347],[125.3885267,43.8384585],[125.3870428,43.83857],[125.3858787,43.8386783],[125.3847145,43.8387866],[125.3835504,43.8388949],[125.3821437,43.8389],[125.380737,43.8389052],[125.3793303,43.8389103],[125.3779236,43.8389154]]}},{"type":"Feature","properties":{"layer":"tertiary","name":"北海路","detail_level":3,"route_related":true,"fragment":"b"},"geometry":{"type":"LineString","coordinates":[[125.3779236,43.8389154],[125.3765169,43.8389206],[125.3751102,43.8389257],[125.3737035,43.8389308],[125.3722968,43.838936],[125.3708901,43.8389411],[125.3693458,43.8389033],[125.3678014,43.8388655],[125.3662571,43.8388277],[125.3647127,43.8387899],[125.3631684,43.8387522],[125.3616241,43.8387144],[125.3600797,43.8386766],[125.3585354,43.8386388]]}},{"type":"Feature","properties":{"layer":"tertiary","name":"北海路","detail_level":3,"route_related":true,"fragment":"a"},"geometry":{"type":"LineString","coordinates":[[125.3585352,43.8385623],[125.3600328,43.8386014],[125.3615305,43.8386404],[125.3630281,43.8386795],[125.3645258,43.8387185],[125.3660234,43.8387576],[125.367521,43.8387967],[125.3690187,43.8388357],[125.3705163,43.8388748],[125.3719804,43.8388693],[125.3734445,43.8388637],[125.3749085,43.8388582],[125.3763726,43.8388527],[125.3778367,43.8388471],[125.3793008,43.8388416]]}},{"type":"Feature","properties":{"layer":"tertiary","name":"北海路","detail_level":3,"route_related":true,"fragment":"b"},"geometry":{"type":"LineString","coordinates":[[125.3793008,43.8388416],[125.3807648,43.8388361],[125.3822289,43.8388305],[125.383693,43.838825],[125.3851169,43.8386837],[125.3865407,43.8385423],[125.3880898,43.8384278],[125.3896388,43.8383132],[125.3911878,43.8381987],[125.3927369,43.8380842],[125.394286,43.8379696],[125.395835,43.8378551],[125.3960098,43.8377687],[125.3961463,43.8375405]]}},{"type":"Feature","properties":{"layer":"tertiary","name":"解放大路辅路","detail_level":3,"route_related":true},"geometry":{"type":"LineString","coordinates":[[125.3065285,43.8755093],[125.308075,43.8755298],[125.3096216,43.8755502],[125.3111681,43.8755707],[125.3127147,43.8755912],[125.3142612,43.8756117],[125.3158077,43.8756322],[125.3173543,43.8756526],[125.3189008,43.8756731],[125.3204496,43.8756885],[125.3219983,43.875704],[125.3235471,43.8757194],[125.3250958,43.8757348],[125.3266446,43.8757503],[125.3281933,43.8757657],[125.3297421,43.8757811],[125.3312908,43.8757966],[125.3328396,43.875812],[125.3330646,43.8758489],[125.3333463,43.8759541],[125.334578,43.876442],[125.3358097,43.8769299],[125.3359864,43.8770057],[125.3364332,43.8772834]]}},{"type":"Feature","properties":{"layer":"tertiary","name":"森杨路","detail_level":3,"route_related":true},"geometry":{"type":"LineString","coordinates":[[125.4445812,43.8060753],[125.4451654,43.8061267],[125.4456846,43.8060866],[125.4460399,43.8060083],[125.4471267,43.8056819],[125.4478681,43.8055994],[125.4491833,43.8055849],[125.4504985,43.8055704],[125.4518137,43.8055559],[125.4531289,43.8055415],[125.4544441,43.805527],[125.4557593,43.8055125],[125.4565942,43.8055485],[125.4574191,43.8057318],[125.4586221,43.8062024],[125.4598251,43.8066731],[125.4610281,43.8071437],[125.4622838,43.8075385],[125.4632639,43.807791],[125.4640162,43.8079482],[125.4647685,43.8081053],[125.4659589,43.8081552],[125.4671493,43.808205],[125.4680918,43.8083789],[125.4690343,43.8085528],[125.4691201,43.8085311]]}},{"type":"Feature","properties":{"layer":"tertiary","name":"珠海路","detail_level":3,"route_related":true},"geometry":{"type":"LineString","coordinates":[[125.3582714,43.8439312],[125.3597633,43.8438482],[125.3612551,43.8437652],[125.362747,43.8436822],[125.3642389,43.8435992],[125.3657307,43.8435162],[125.3672226,43.8434332],[125.3687145,43.8433502],[125.3702063,43.8432672],[125.3716982,43.8431842],[125.37319,43.8431012],[125.3746819,43.8430182],[125.3761738,43.8429352],[125.3776656,43.8428522],[125.3791575,43.8427692],[125.3806494,43.8426862],[125.3821412,43.8426032],[125.3836331,43.8425202]]}},{"type":"Feature","properties":{"layer":"tertiary","name":"工农大路辅路","detail_level":3,"route_related":true},"geometry":{"type":"LineString","coordinates":[[125.3011515,43.8622717],[125.3009324,43.862302],[125.3007172,43.8624026],[125.2996432,43.8631966],[125.2985693,43.8639905],[125.2974953,43.8647845],[125.2964214,43.8655784],[125.2953474,43.8663724],[125.2942735,43.8671664],[125.2931995,43.8679603],[125.2921256,43.8687543],[125.2910516,43.8695482],[125.2899777,43.8703422],[125.2889038,43.8711361],[125.2878298,43.8719301],[125.2874422,43.8722559],[125.2868454,43.8725691],[125.2858624,43.8732884],[125.2854386,43.8736403],[125.2851315,43.8739922],[125.2850658,43.8740125],[125.2846368,43.8738998]]}},{"type":"Feature","properties":{"layer":"tertiary","name":"清华路","detail_level":3,"route_related":true},"geometry":{"type":"LineString","coordinates":[[125.2978828,43.8687745],[125.2993438,43.8687893],[125.3008048,43.8688041],[125.3022658,43.8688189],[125.3037268,43.8688337],[125.3051878,43.8688485],[125.3066488,43.8688633],[125.3081098,43.8688781],[125.3095708,43.8688929],[125.3110318,43.8689077],[125.3124928,43.8689225],[125.3139538,43.8689373],[125.3143816,43.8688803],[125.3156362,43.8682736],[125.3158099,43.8682272],[125.3171363,43.868233],[125.3184628,43.8682388]]}},{"type":"Feature","properties":{"layer":"tertiary","name":"桂林路","detail_level":3,"route_related":true},"geometry":{"type":"LineString","coordinates":[[125.3185402,43.8646037],[125.3169983,43.8645847],[125.3154565,43.8645658],[125.3139146,43.8645468],[125.3123728,43.8645278],[125.3108309,43.8645089],[125.3092891,43.8644899],[125.3077472,43.8644709],[125.3062053,43.864452],[125.3046635,43.864433],[125.3031216,43.864414],[125.3015798,43.8643951],[125.3000379,43.8643761],[125.2997817,43.8642668],[125.2989626,43.8637026]]}},{"type":"Feature","properties":{"layer":"tertiary","name":"红旗街西辅路","detail_level":3,"route_related":true},"geometry":{"type":"LineString","coordinates":[[125.290891,43.8669792],[125.2898307,43.8662281],[125.2887705,43.8654771],[125.2877102,43.864726],[125.28665,43.863975],[125.2855897,43.8632239],[125.2845294,43.8624728],[125.2834692,43.8617218],[125.2824089,43.8609707],[125.2813486,43.8602196],[125.2802884,43.8594686],[125.2792281,43.8587175],[125.2781679,43.8579665],[125.2771076,43.8572154]]}},{"type":"Feature","properties":{"layer":"tertiary","name":"百汇街","detail_level":3,"route_related":true},"geometry":{"type":"LineString","coordinates":[[125.3159931,43.8756276],[125.3160174,43.8745588],[125.3160418,43.8734901],[125.3160661,43.8724213],[125.3160905,43.8713526],[125.3161148,43.8702838],[125.3161391,43.8692151],[125.3161635,43.8681463],[125.3161878,43.8670776],[125.3162121,43.8660088],[125.3162365,43.8649401],[125.3162608,43.8638713],[125.3162852,43.8628026],[125.3163095,43.8617338]]}},{"type":"Feature","properties":{"layer":"tertiary","name":"牡丹街","detail_level":3,"route_related":true},"geometry":{"type":"LineString","coordinates":[[125.3065285,43.8755093],[125.3065531,43.8744408],[125.3065778,43.8733723],[125.3066024,43.8723038],[125.3066271,43.8712353],[125.3066517,43.8701668],[125.3066763,43.8690983],[125.306701,43.8680298],[125.3067256,43.8669613],[125.3067502,43.8658928],[125.3067749,43.8648243],[125.3067995,43.8637558],[125.3068242,43.8626873],[125.3068488,43.8616188]]}},{"type":"Feature","properties":{"layer":"tertiary","name":"隆礼路","detail_level":3,"route_related":true},"geometry":{"type":"LineString","coordinates":[[125.3013655,43.865687],[125.3029244,43.8657046],[125.3044832,43.8657222],[125.3060421,43.8657399],[125.307601,43.8657575],[125.3091598,43.8657751],[125.3107187,43.8657927],[125.3122775,43.8658103],[125.3138364,43.8658279],[125.3153953,43.8658456],[125.3169541,43.8658632],[125.318513,43.8658808]]}},{"type":"Feature","properties":{"layer":"tertiary","name":"长庆街","detail_level":3,"route_related":true},"geometry":{"type":"LineString","coordinates":[[125.309167,43.8688955],[125.3091945,43.8677738],[125.3092221,43.8666521],[125.3092496,43.8655304],[125.3092771,43.8644087],[125.3093047,43.8632869],[125.3093322,43.8621652],[125.3093597,43.8610435],[125.3093873,43.8599218],[125.3094148,43.8588001],[125.3093183,43.8586555],[125.3083363,43.8579589],[125.3073544,43.8572623]]}},{"type":"Feature","properties":{"layer":"tertiary","name":"惠民路","detail_level":3,"route_related":true},"geometry":{"type":"LineString","coordinates":[[125.3185041,43.8717627],[125.3169697,43.8717467],[125.3154354,43.8717307],[125.313901,43.8717147],[125.3123666,43.8716987],[125.3108323,43.8716827],[125.3092979,43.8716667],[125.3077636,43.8716507],[125.3062292,43.8716347],[125.3046948,43.8716187],[125.3031605,43.8716027],[125.3016261,43.8715867]]}},{"type":"Feature","properties":{"layer":"tertiary","name":"义和路","detail_level":3,"route_related":true},"geometry":{"type":"LineString","coordinates":[[125.3015943,43.8731472],[125.303118,43.8731619],[125.3046417,43.8731766],[125.3061654,43.8731913],[125.3076891,43.873206],[125.3092128,43.8732207],[125.3107365,43.8732353],[125.3122602,43.87325],[125.3137839,43.8732647],[125.3153076,43.8732794],[125.3168313,43.8732941],[125.318355,43.8733088]]}},{"type":"Feature","properties":{"layer":"tertiary","name":"同光路","detail_level":3,"route_related":true},"geometry":{"type":"LineString","coordinates":[[125.3183396,43.8674273],[125.3168282,43.8674098],[125.3153169,43.8673922],[125.3138055,43.8673747],[125.3122942,43.8673572],[125.3107828,43.8673396],[125.3092715,43.8673221],[125.3077601,43.8673045],[125.3062488,43.867287],[125.3047374,43.8672695],[125.3032261,43.8672519],[125.3017147,43.8672344]]}},{"type":"Feature","properties":{"layer":"tertiary","name":"同德路","detail_level":3,"route_related":true},"geometry":{"type":"LineString","coordinates":[[125.2873487,43.8642931],[125.2877269,43.8639701],[125.2880055,43.8638104],[125.2893539,43.8637098],[125.2907024,43.8636093],[125.2910819,43.8635443],[125.2912268,43.8634836],[125.292261,43.8628446],[125.2926217,43.862233],[125.2929823,43.8616213],[125.2940004,43.8613295],[125.2950409,43.8605035],[125.2953842,43.8602694],[125.2960346,43.8599474],[125.2966851,43.8596254],[125.2970438,43.8594785],[125.2974448,43.859403],[125.2976831,43.8593082],[125.2981292,43.8589826]]}},{"type":"Feature","properties":{"layer":"tertiary","name":"永昌路","detail_level":3,"route_related":true},"geometry":{"type":"LineString","coordinates":[[125.3181839,43.8746153],[125.3166526,43.8745973],[125.3151213,43.8745793],[125.31359,43.8745612],[125.3120587,43.8745432],[125.3105275,43.8745252],[125.3089962,43.8745072],[125.3074649,43.8744891],[125.3059336,43.8744711],[125.3044023,43.8744531]]}},{"type":"Feature","properties":{"layer":"tertiary","name":"西康路","detail_level":3,"route_related":true},"geometry":{"type":"LineString","coordinates":[[125.3046591,43.8631294],[125.3061891,43.8631478],[125.3077191,43.8631662],[125.3092491,43.8631846],[125.3107791,43.863203],[125.3123091,43.8632213],[125.3138391,43.8632397],[125.3153691,43.8632581],[125.3168991,43.8632765],[125.3184291,43.8632949]]}},{"type":"Feature","properties":{"layer":"tertiary","name":"大兴路","detail_level":3,"route_related":true},"geometry":{"type":"LineString","coordinates":[[125.2981534,43.8771216],[125.2967025,43.8771077],[125.2952516,43.8770937],[125.2938007,43.8770798],[125.2923498,43.8770658],[125.2908989,43.8770519],[125.2895582,43.8775418],[125.2882174,43.8780317],[125.2868767,43.8785217],[125.285536,43.8790116]]}},{"type":"Feature","properties":{"layer":"tertiary","name":"泰来街","detail_level":3,"route_related":true},"geometry":{"type":"LineString","coordinates":[[125.2732299,43.8676507],[125.2738864,43.8685305],[125.274543,43.8694103],[125.2751995,43.8702902],[125.275856,43.87117],[125.2758157,43.8713481],[125.2764018,43.8721735],[125.276988,43.8729989],[125.2775741,43.8738243],[125.2781369,43.8741229],[125.2784077,43.8744176],[125.2789217,43.8751606],[125.2794356,43.8759037]]}},{"type":"Feature","properties":{"layer":"tertiary","name":"立信街","detail_level":3,"route_related":true},"geometry":{"type":"LineString","coordinates":[[125.3139737,43.861704],[125.3139473,43.8627372],[125.3139208,43.8637705],[125.3138944,43.8648037],[125.313868,43.8658369],[125.3138416,43.8668701],[125.3138151,43.8679034],[125.3137887,43.8689366],[125.3137359,43.8697388],[125.3136353,43.870184],[125.3137175,43.8704402],[125.3137661,43.8708973]]}},{"type":"Feature","properties":{"layer":"tertiary","name":"大屯街","detail_level":3,"route_related":true},"geometry":{"type":"LineString","coordinates":[[125.2703526,43.8581166],[125.2712716,43.8588265],[125.2721906,43.8595363],[125.2731095,43.8602462],[125.2740285,43.860956],[125.2749558,43.8617026],[125.2758832,43.8624492],[125.2768933,43.863237],[125.2779034,43.8640248],[125.2789135,43.8648126],[125.2789655,43.8648813]]}},{"type":"Feature","properties":{"layer":"tertiary","name":"解放大路辅路","detail_level":3,"route_related":true},"geometry":{"type":"LineString","coordinates":[[125.2892425,43.8753221],[125.2906429,43.8753382],[125.2920433,43.8753543],[125.2934437,43.8753704],[125.2948441,43.8753865],[125.2962445,43.8754027],[125.2976449,43.8754188],[125.2990453,43.8754349],[125.3004457,43.875451],[125.3018461,43.8754671]]}},{"type":"Feature","properties":{"layer":"tertiary","name":"西中华路","detail_level":3,"route_related":true},"geometry":{"type":"LineString","coordinates":[[125.2867712,43.8807617],[125.2878784,43.8803534],[125.2889857,43.8799451],[125.2900929,43.8795369],[125.2912001,43.8791286],[125.2914326,43.8789769],[125.2920858,43.8787547],[125.2922937,43.8787335],[125.2937495,43.8787509],[125.2952053,43.8787683],[125.296661,43.8787856],[125.2981168,43.878803]]}},{"type":"Feature","properties":{"layer":"tertiary","name":"泰来街","detail_level":3,"route_related":true},"geometry":{"type":"LineString","coordinates":[[125.2794356,43.8759037],[125.2801684,43.8756883],[125.2809012,43.8754729],[125.2811265,43.8754922],[125.2812741,43.8755648],[125.2817321,43.8761575],[125.2817423,43.8762789],[125.2816898,43.8763293],[125.2810475,43.8765684],[125.2809928,43.8766723],[125.281038,43.8767646],[125.2814922,43.8772664],[125.2821292,43.8780846],[125.2827661,43.8789029],[125.2834031,43.8797211],[125.28404,43.8805394],[125.284677,43.8813576]]}},{"type":"Feature","properties":{"layer":"tertiary","name":"富锦路","detail_level":3,"route_related":true},"geometry":{"type":"LineString","coordinates":[[125.299948,43.8643558],[125.2989425,43.865097],[125.297937,43.8658382],[125.2969314,43.8665794],[125.2959259,43.8673206],[125.2949204,43.8680618],[125.2939148,43.868803],[125.2929093,43.8695442],[125.2919038,43.8702854]]}},{"type":"Feature","properties":{"layer":"tertiary","name":"万宝街","detail_level":3,"route_related":true},"geometry":{"type":"LineString","coordinates":[[125.2978828,43.8687745],[125.2978646,43.8688706],[125.2977969,43.868933],[125.2969507,43.8695601],[125.2961044,43.8701873],[125.2952582,43.8708144],[125.2951603,43.8709217],[125.2951187,43.8711595],[125.2950943,43.8722624],[125.29507,43.8733654],[125.2950457,43.8744684],[125.2950213,43.8755713]]}},{"type":"Feature","properties":{"layer":"tertiary","name":"建工南路","detail_level":3,"route_related":true},"geometry":{"type":"LineString","coordinates":[[125.2854032,43.8628877],[125.2844454,43.8635982],[125.2834875,43.8643086],[125.2825297,43.8650191],[125.2817546,43.8654977],[125.2809126,43.8661135],[125.2803169,43.8664288],[125.2793969,43.866821],[125.2784769,43.8672132],[125.2775569,43.8676054]]}},{"type":"Feature","properties":{"layer":"tertiary","name":"苏州南街","detail_level":3,"route_related":true},"geometry":{"type":"LineString","coordinates":[[125.3778321,43.8428307],[125.3778111,43.8439336],[125.37779,43.8450365],[125.377769,43.8461394],[125.377748,43.8472424],[125.3777269,43.8483453],[125.3777059,43.8494482]]}},{"type":"Feature","properties":{"layer":"tertiary","name":"苏州南街","detail_level":3,"route_related":true},"geometry":{"type":"LineString","coordinates":[[125.3776219,43.8494474],[125.3776434,43.8483455],[125.377665,43.8472435],[125.3776865,43.8461416],[125.3777081,43.8450397],[125.3777297,43.8439377],[125.3777512,43.8428358]]}},{"type":"Feature","properties":{"layer":"tertiary","name":"丰顺街","detail_level":3,"route_related":true},"geometry":{"type":"LineString","coordinates":[[125.3170382,43.8682223],[125.3170621,43.8671427],[125.3170861,43.8660632],[125.31711,43.8649836],[125.3171339,43.863904],[125.3171579,43.8628245],[125.3171818,43.8617449]]}},{"type":"Feature","properties":{"layer":"tertiary","name":"保安街","detail_level":3,"route_related":true},"geometry":{"type":"LineString","coordinates":[[125.2757137,43.8582385],[125.2767877,43.858943],[125.2778617,43.8596474],[125.2789357,43.8603519],[125.2799478,43.8609087],[125.2809598,43.8614655],[125.2812208,43.8614936],[125.2813591,43.8614538],[125.2823261,43.8607444]]}},{"type":"Feature","properties":{"layer":"tertiary","name":"和光路","detail_level":3,"route_related":true},"geometry":{"type":"LineString","coordinates":[[125.2970832,43.8683288],[125.2960779,43.8690712],[125.2950726,43.8698136],[125.2940674,43.8705559],[125.2930621,43.8712983],[125.2920568,43.8720407],[125.2910515,43.8727831]]}},{"type":"Feature","properties":{"layer":"tertiary","name":"长治路","detail_level":3,"route_related":true},"geometry":{"type":"LineString","coordinates":[[125.2863693,43.8559894],[125.2860005,43.8565445],[125.2858302,43.8567147],[125.2849512,43.8573685],[125.2840723,43.8580223],[125.2831933,43.8586761],[125.2823144,43.8593299],[125.2814354,43.8599837]]}},{"type":"Feature","properties":{"layer":"tertiary","name":"红旗街西三胡同","detail_level":3,"route_related":true},"geometry":{"type":"LineString","coordinates":[[125.289579,43.8702063],[125.2885582,43.8694897],[125.2875373,43.8687731],[125.2865165,43.8680565],[125.2854956,43.8673399],[125.2844748,43.8666233]]}},{"type":"Feature","properties":{"layer":"tertiary","name":"明德路","detail_level":3,"route_related":true},"geometry":{"type":"LineString","coordinates":[[125.311395,43.8711692],[125.3102132,43.8711547],[125.3090313,43.8711402],[125.3079799,43.8708956],[125.3073744,43.8708009],[125.3059292,43.8707788],[125.304484,43.8707567]]}},{"type":"Feature","properties":{"layer":"tertiary","name":"青海街","detail_level":3,"route_related":true},"geometry":{"type":"LineString","coordinates":[[125.2930906,43.8753649],[125.2931172,43.8744675],[125.2931437,43.8735701],[125.2931703,43.8726728],[125.2931969,43.8717754],[125.2938786,43.8712758],[125.2945604,43.8707762]]}},{"type":"Feature","properties":{"layer":"tertiary","name":"镇江路","detail_level":3,"route_related":true},"geometry":{"type":"LineString","coordinates":[[125.304464,43.8767251],[125.3058433,43.8767432],[125.3072226,43.8767612],[125.3086019,43.8767793],[125.3099812,43.8767973],[125.3113605,43.8768154]]}},{"type":"Feature","properties":{"layer":"tertiary","name":"云鹤街","detail_level":3,"route_related":true},"geometry":{"type":"LineString","coordinates":[[125.2969964,43.875695],[125.296977,43.8766728],[125.2969575,43.8776505],[125.2969381,43.8786283],[125.2969186,43.879606],[125.2968992,43.8805838]]}},{"type":"Feature","properties":{"layer":"tertiary","name":"清和街","detail_level":3,"route_related":true},"geometry":{"type":"LineString","coordinates":[[125.2894972,43.8818689],[125.2889002,43.8810237],[125.2883032,43.8801785],[125.2877062,43.8793334],[125.2871092,43.8784882],[125.2865122,43.877643]]}},{"type":"Feature","properties":{"layer":"tertiary","name":"同心路","detail_level":3,"route_related":true},"geometry":{"type":"LineString","coordinates":[[125.2697653,43.872441],[125.2707343,43.8724502],[125.2717033,43.8724594],[125.2720953,43.8724376],[125.2724823,43.8723763],[125.2728906,43.872274],[125.2738659,43.8719338],[125.2748411,43.8715937],[125.2758164,43.8712535]]}},{"type":"Feature","properties":{"layer":"tertiary","name":"西同德路","detail_level":3,"route_related":true},"geometry":{"type":"LineString","coordinates":[[125.2873487,43.8642931],[125.286837,43.864791],[125.2863253,43.8652889],[125.2854,43.8659561],[125.2844748,43.8666233],[125.2833679,43.8673444],[125.2832647,43.8674788],[125.2832513,43.8675754]]}},{"type":"Feature","properties":{"layer":"tertiary","name":"长庆街","detail_level":3,"route_related":true},"geometry":{"type":"LineString","coordinates":[[125.309015,43.8755388],[125.30904,43.8744402],[125.309065,43.8733417],[125.30909,43.8722431],[125.309115,43.8711445]]}},{"type":"Feature","properties":{"layer":"tertiary","name":"开工胡同","detail_level":3,"route_related":true},"geometry":{"type":"LineString","coordinates":[[125.2812543,43.8725975],[125.2818632,43.8723758],[125.2826236,43.8721698],[125.2829871,43.8721486],[125.2837287,43.8719001],[125.2844703,43.8716516],[125.2845776,43.8716381],[125.2860247,43.8718498],[125.2867534,43.8723423]]}},{"type":"Feature","properties":{"layer":"tertiary","name":"虎林街","detail_level":3,"route_related":true},"geometry":{"type":"LineString","coordinates":[[125.2946671,43.8666151],[125.2936286,43.8658675],[125.2925901,43.86512],[125.2915516,43.8643724],[125.2905131,43.8636249]]}},{"type":"Feature","properties":{"layer":"tertiary","name":"信义路","detail_level":3,"route_related":true},"geometry":{"type":"LineString","coordinates":[[125.2903564,43.8664104],[125.2893357,43.8671614],[125.288315,43.8679123],[125.2872942,43.8686633],[125.2862735,43.8694143]]}},{"type":"Feature","properties":{"layer":"tertiary","name":"森杨路","detail_level":3,"route_related":true},"geometry":{"type":"LineString","coordinates":[[125.4431587,43.8056392],[125.4445812,43.8060753]]}},{"type":"Feature","properties":{"layer":"place_label","name":"长春市","detail_level":1},"geometry":{"type":"Point","coordinates":[125.3181675,43.8844844]}},{"type":"Feature","properties":{"layer":"place_label","name":"朝阳区","detail_level":1},"geometry":{"type":"Point","coordinates":[125.2705444,43.8477471]}},{"type":"Feature","properties":{"layer":"place_label","name":"绿园区","detail_level":1},"geometry":{"type":"Point","coordinates":[125.2497802,43.8783236]}},{"type":"Feature","properties":{"layer":"place_label","name":"二道区","detail_level":1},"geometry":{"type":"Point","coordinates":[125.3682092,43.862787]}},{"type":"Feature","properties":{"layer":"place_label","name":"南关区","detail_level":1},"geometry":{"type":"Point","coordinates":[125.343732,43.8612479]}},{"type":"Feature","properties":{"layer":"place_label","name":"宽城区","detail_level":1},"geometry":{"type":"Point","coordinates":[125.3203579,43.940923]}},{"type":"Feature","properties":{"layer":"place_label","name":"净月街道","detail_level":1},"geometry":{"type":"Point","coordinates":[125.4360444,43.8332321]}},{"type":"Feature","properties":{"layer":"place_label","name":"长春北湖科技开发区","detail_level":1},"geometry":{"type":"Point","coordinates":[125.3762575,43.9681075]}},{"type":"Feature","properties":{"layer":"road_label","name":"长吉高速","detail_level":2},"geometry":{"type":"Point","coordinates":[125.468237,43.8982143]}},{"type":"Feature","properties":{"layer":"road_label","name":"长长高速","detail_level":2},"geometry":{"type":"Point","coordinates":[125.3319396,43.7145317]}},{"type":"Feature","properties":{"layer":"road_label","name":"延长高速","detail_level":2},"geometry":{"type":"Point","coordinates":[125.5797921,43.7709339]}},{"type":"Feature","properties":{"layer":"road_label","name":"京哈高速","detail_level":2},"geometry":{"type":"Point","coordinates":[125.1994159,43.7343887]}},{"type":"Feature","properties":{"layer":"road_label","name":"长春绕城高速","detail_level":2},"geometry":{"type":"Point","coordinates":[125.156913,43.9127734]}},{"type":"Feature","properties":{"layer":"road_label","name":"龙东线","detail_level":2},"geometry":{"type":"Point","coordinates":[125.5859997,43.6066589]}},{"type":"Feature","properties":{"layer":"road_label","name":"珲阿线","detail_level":2},"geometry":{"type":"Point","coordinates":[125.237254,43.9998045]}},{"type":"Feature","properties":{"layer":"road_label","name":"西部快速路","detail_level":2},"geometry":{"type":"Point","coordinates":[125.2798183,43.8898642]}},{"type":"Feature","properties":{"layer":"road_label","name":"净月大街","detail_level":2},"geometry":{"type":"Point","coordinates":[125.4330993,43.7894151]}},{"type":"Feature","properties":{"layer":"road_label","name":"青年路","detail_level":2},"geometry":{"type":"Point","coordinates":[125.2710483,43.9676475]}},{"type":"Feature","properties":{"layer":"road_label","name":"世纪广场","detail_level":2},"geometry":{"type":"Point","coordinates":[125.3984319,43.8361686]}},{"type":"Feature","properties":{"layer":"road_label","name":"长伊公路","detail_level":2},"geometry":{"type":"Point","coordinates":[125.2892447,43.7152327]}},{"type":"Feature","properties":{"layer":"road_label","name":"世纪快速路","detail_level":2},"geometry":{"type":"Point","coordinates":[125.3791056,43.8226015]}},{"type":"Feature","properties":{"layer":"road_label","name":"东环城路","detail_level":2},"geometry":{"type":"Point","coordinates":[125.3765564,43.9243136]}},{"type":"Feature","properties":{"layer":"road_label","name":"自由大路","detail_level":2},"geometry":{"type":"Point","coordinates":[125.399532,43.8626562]}},{"type":"Feature","properties":{"layer":"road_label","name":"凯旋路","detail_level":2},"geometry":{"type":"Point","coordinates":[125.3110972,43.9382262]}},{"type":"Feature","properties":{"layer":"road_label","name":"大经路","detail_level":2},"geometry":{"type":"Point","coordinates":[125.332961,43.8843098]}},{"type":"Feature","properties":{"layer":"road_label","name":"西安大路","detail_level":2},"geometry":{"type":"Point","coordinates":[125.2797002,43.8981525]}},{"type":"Feature","properties":{"layer":"road_label","name":"仙台大街","detail_level":2},"geometry":{"type":"Point","coordinates":[125.3704522,43.8402386]}},{"type":"Feature","properties":{"layer":"road_label","name":"工农大路","detail_level":2},"geometry":{"type":"Point","coordinates":[125.2932118,43.867667]}},{"type":"Feature","properties":{"layer":"road_label","name":"安达街","detail_level":2},"geometry":{"type":"Point","coordinates":[125.2905413,43.8859624]}},{"type":"Feature","properties":{"layer":"road_label","name":"普阳街","detail_level":2},"geometry":{"type":"Point","coordinates":[125.279723,43.889602]}},{"type":"Feature","properties":{"layer":"road_label","name":"东南湖大路","detail_level":2},"geometry":{"type":"Point","coordinates":[125.3616401,43.8492662]}},{"type":"Feature","properties":{"layer":"road_label","name":"景阳大路","detail_level":2},"geometry":{"type":"Point","coordinates":[125.2759936,43.8779201]}},{"type":"Feature","properties":{"layer":"road_label","name":"北京大街","detail_level":2},"geometry":{"type":"Point","coordinates":[125.3199386,43.8965576]}},{"type":"Feature","properties":{"layer":"road_label","name":"赛得广场","detail_level":2},"geometry":{"type":"Point","coordinates":[125.3709128,43.8485419]}},{"type":"Feature","properties":{"layer":"road_label","name":"西广场","detail_level":2},"geometry":{"type":"Point","coordinates":[125.3123069,43.9019597]}},{"type":"Feature","properties":{"layer":"road_label","name":"解放大路","detail_level":2},"geometry":{"type":"Point","coordinates":[125.2822711,43.8756112]}},{"type":"Feature","properties":{"layer":"district_boundary","name":"长春市及近郊服务区划边界","detail_level":1},"geometry":{"type":"LineString","coordinates":[[125.15,44.09],[125.15,43.82],[125.19,43.7],[125.28,43.62],[125.42,43.6],[125.54,43.64],[125.6,43.72],[125.6,43.87],[125.56,43.98],[125.5,44.02],[125.3,44.02],[125.2,44.09],[125.15,44.09]]}},{"type":"Feature","properties":{"layer":"route_connector","name":"园区入口连接线","detail_level":2,"route_nos":["01","02","03","04","05"]},"geometry":{"type":"LineString","coordinates":[[125.1711273,44.0872187],[125.1710448,44.0874482]]}},{"type":"Feature","properties":{"layer":"route_connector","name":"配送路线连接道路","detail_level":3,"route_nos":["01","02","03","04","05"]},"geometry":{"type":"LineString","coordinates":[[125.1710448,44.0874482],[125.1715547,44.0864568],[125.1720462,44.0844484],[125.1725378,44.08244],[125.1729575,44.0805771],[125.1733772,44.0787142],[125.173797,44.0768512],[125.1742167,44.0749883],[125.1746364,44.0731254],[125.1750105,44.0711863],[125.1753846,44.0692471],[125.1757588,44.067308],[125.1761329,44.0653688],[125.176507,44.0634297],[125.1768811,44.0614906],[125.1772553,44.0595514],[125.1776294,44.0576123],[125.1781875,44.0563967],[125.1787724,44.0557608],[125.1807068,44.0542981],[125.1826413,44.0528354],[125.1845757,44.0513727],[125.1865102,44.04991],[125.1884446,44.0484473],[125.1902674,44.0468496],[125.1920902,44.0452519],[125.193913,44.0436542],[125.1957358,44.0420565],[125.1975586,44.0404588],[125.1993815,44.0388611],[125.2012043,44.0372634],[125.2030271,44.0356657],[125.2048499,44.034068],[125.2066727,44.0324703],[125.2081556,44.0310485],[125.2096385,44.0296266],[125.2111215,44.0282048],[125.2126044,44.0267829],[125.2141482,44.0252773],[125.215692,44.0237716],[125.2172358,44.022266],[125.2187796,44.0207603],[125.2203234,44.0192547],[125.2218672,44.017749],[125.223411,44.0162434],[125.2248492,44.0144406],[125.2262875,44.0126378],[125.2277257,44.010835],[125.2291639,44.0090322],[125.2305248,44.0074645],[125.2318857,44.0058968],[125.2332466,44.0043291],[125.2346075,44.0027614],[125.2359684,44.0011937],[125.2373481,43.999701],[125.2387278,43.9982083],[125.2401074,43.9967155],[125.2414871,43.9952228]]}},{"type":"Feature","properties":{"layer":"route_connector","name":"配送路线连接道路","detail_level":3,"route_nos":["01","02","03","04","05"]},"geometry":{"type":"LineString","coordinates":[[125.2414871,43.9952228],[125.2432969,43.993544],[125.2451066,43.9918651],[125.2469164,43.9901863],[125.2487262,43.9885074],[125.250536,43.9868285],[125.2523458,43.9851497],[125.2541555,43.9834708],[125.2559653,43.981792],[125.2577147,43.9800747],[125.259464,43.9783575],[125.2612134,43.9766402],[125.2629627,43.9749229],[125.2647121,43.9732056],[125.2664614,43.9714884],[125.2682108,43.9697711],[125.2700606,43.9684162],[125.2719103,43.9670613],[125.2737601,43.9657065],[125.2756098,43.9643516],[125.2774596,43.9629967],[125.2789058,43.9613872],[125.280352,43.9597778],[125.2817982,43.9581683],[125.2832444,43.9565588],[125.2846906,43.9549494],[125.2861368,43.9533399],[125.2868448,43.9521701],[125.2875528,43.9510002]]}},{"type":"Feature","properties":{"layer":"route_connector","name":"配送路线连接道路","detail_level":3,"route_nos":["01","05"]},"geometry":{"type":"LineString","coordinates":[[125.2875528,43.9510002],[125.2879324,43.9496835],[125.288312,43.9483668],[125.2884722,43.9462727],[125.288335,43.9441416],[125.2881977,43.9420106],[125.2880605,43.9398795],[125.2879232,43.9377484],[125.287786,43.9356173],[125.2876487,43.9334863],[125.2875115,43.9313552],[125.2873743,43.9292241],[125.287237,43.9270931],[125.2870998,43.924962],[125.2869625,43.9228309],[125.2868253,43.9206998],[125.286688,43.9185688],[125.2865508,43.9164377]]}},{"type":"Feature","properties":{"layer":"route_connector","name":"配送路线连接道路","detail_level":3,"route_nos":["01"]},"geometry":{"type":"LineString","coordinates":[[125.2865508,43.9164377],[125.286314,43.9142959],[125.2860771,43.912154],[125.2858403,43.9100122],[125.2856035,43.9078703],[125.2853666,43.9057285],[125.2851298,43.9035866],[125.284893,43.9014448],[125.2846561,43.8993029],[125.2844193,43.8971611],[125.283819,43.8957102],[125.2827522,43.8941513],[125.2816853,43.8925923],[125.2806185,43.8910334],[125.2795516,43.8894744],[125.2784848,43.8879155],[125.2776152,43.8863977],[125.2767457,43.88488],[125.2758761,43.8833622],[125.2748043,43.8818286],[125.2737324,43.8802949],[125.2738577,43.879251],[125.2735558,43.8786599],[125.2759159,43.8780008],[125.277992,43.8772081],[125.280068,43.8764154],[125.2821441,43.8756228],[125.2842202,43.8748301],[125.2853096,43.8735162],[125.2869654,43.8721363],[125.2849813,43.8706181],[125.2850483,43.8702188],[125.2858956,43.8696096],[125.2857028,43.869455],[125.2866054,43.8687957],[125.286247,43.868416],[125.28568,43.8688309],[125.28612,43.86884]]}},{"type":"Feature","properties":{"layer":"route_connector","name":"配送路线连接道路","detail_level":3,"route_nos":["02","03","04"]},"geometry":{"type":"LineString","coordinates":[[125.2875528,43.9510002],[125.2880717,43.9500434],[125.2883188,43.9488499],[125.2885658,43.9476563],[125.2884827,43.9460329],[125.2883995,43.9444096],[125.2883164,43.9427862],[125.2908391,43.9419042],[125.2933618,43.9410222],[125.2958844,43.9401403],[125.2984071,43.9392583],[125.3009298,43.9383763],[125.3034525,43.9374943],[125.3059751,43.9366124],[125.3084978,43.9357304],[125.3110205,43.9348484],[125.3109694,43.9327085],[125.3109182,43.9305685],[125.3108671,43.9284286],[125.3108159,43.9262887],[125.3107648,43.9241488],[125.3107136,43.9220088],[125.3106625,43.9198689],[125.3106113,43.917729],[125.3105602,43.9155891],[125.310509,43.9134491],[125.3104579,43.9113092]]}},{"type":"Feature","properties":{"layer":"route_connector","name":"配送路线连接道路","detail_level":3,"route_nos":["02","03"]},"geometry":{"type":"LineString","coordinates":[[125.3104579,43.9113092],[125.3105155,43.9093638],[125.3105732,43.9074184],[125.3106308,43.9054731],[125.3106884,43.9035277],[125.3119,43.9026235]]}},{"type":"Feature","properties":{"layer":"route_connector","name":"配送路线连接道路","detail_level":3,"route_nos":["02","03","04"]},"geometry":{"type":"LineString","coordinates":[[125.3119,43.9026235],[125.3124185,43.9025616],[125.3124869,43.9020584],[125.3142847,43.9007238],[125.3160825,43.8993893],[125.3178803,43.8980547],[125.319678,43.8967201],[125.3214758,43.8953856],[125.3232736,43.894051],[125.3248901,43.892466],[125.3265066,43.8908809],[125.328123,43.8892959],[125.3297395,43.8877108],[125.331356,43.8861258],[125.3328252,43.884523],[125.3342944,43.8829202],[125.3357636,43.8813174],[125.3372327,43.8797147],[125.3387019,43.8781119],[125.3401711,43.8765091],[125.3416403,43.8749063],[125.3424771,43.874493],[125.344407,43.8742755],[125.3447489,43.8740802],[125.3450462,43.8728442],[125.3461699,43.8709537],[125.3462574,43.8701072],[125.3461796,43.8683113],[125.3461018,43.8665155],[125.346024,43.8647196],[125.3454857,43.8633884],[125.3449474,43.8620571]]}},{"type":"Feature","properties":{"layer":"route_connector","name":"配送路线连接道路","detail_level":3,"route_nos":["02","03"]},"geometry":{"type":"LineString","coordinates":[[125.3449474,43.8620571],[125.3477982,43.8620842],[125.350649,43.8621112],[125.3534998,43.8621383],[125.3563507,43.8621654],[125.3592015,43.8621924],[125.3620523,43.8622195],[125.3649031,43.8622466],[125.3677539,43.8622736],[125.3706047,43.8623007],[125.3734555,43.8623278],[125.3763063,43.8623548],[125.3791572,43.8623819],[125.382008,43.862409],[125.3848588,43.862436],[125.3877096,43.8624631],[125.3879688,43.8608461],[125.3885294,43.8598404]]}},{"type":"Feature","properties":{"layer":"route_connector","name":"配送路线连接道路","detail_level":3,"route_nos":["02"]},"geometry":{"type":"LineString","coordinates":[[125.3885294,43.8598404],[125.3890565,43.857776],[125.3895837,43.8557117],[125.3905905,43.8538258],[125.3915972,43.8519398],[125.3926039,43.8500539],[125.3936107,43.848168],[125.3946174,43.846282],[125.3956242,43.8443961],[125.3962457,43.8425023],[125.3968673,43.8406084],[125.3974888,43.8387146],[125.3989973,43.8381384],[125.3994564,43.8372539],[125.4015337,43.8368428],[125.4036111,43.8364316],[125.4061083,43.835514],[125.4086055,43.8345964],[125.4111027,43.8336788],[125.4136,43.8327613],[125.4160972,43.8318437],[125.4185944,43.8309261],[125.4202126,43.8299915],[125.4218053,43.8287479],[125.4233979,43.8275042],[125.4249906,43.8262606],[125.426917,43.8248804],[125.4288433,43.8235002],[125.4307697,43.82212],[125.4318388,43.8209576],[125.432908,43.8197951],[125.4343203,43.8179962],[125.4357326,43.8161974],[125.437145,43.8143985],[125.4385573,43.8125996],[125.4399696,43.8108008],[125.4413819,43.8090019],[125.4422727,43.8073422],[125.4431635,43.8056825],[125.4440543,43.8040229],[125.4449451,43.8023632],[125.4458359,43.8007035],[125.4476366,43.8011956],[125.4490788,43.7995952],[125.44888,43.79942]]}},{"type":"Feature","properties":{"layer":"route_connector","name":"配送路线连接道路","detail_level":3,"route_nos":["03"]},"geometry":{"type":"LineString","coordinates":[[125.3885294,43.8598404],[125.3889049,43.8583447],[125.3892804,43.8568491],[125.3896559,43.8553534],[125.3907086,43.8533702],[125.3917613,43.8513871],[125.392814,43.8494039],[125.3938667,43.8474208],[125.3949194,43.8454376],[125.3955076,43.8437414],[125.3960958,43.8420453],[125.396684,43.8403492],[125.3972722,43.838653],[125.3978589,43.8377179],[125.399264,43.8369643],[125.4019928,43.8363799],[125.4047217,43.8357954],[125.4070064,43.8349464],[125.409291,43.8340974],[125.4115757,43.8332484],[125.4138604,43.8323993],[125.416145,43.8315503],[125.4184297,43.8307013],[125.4203252,43.8293561],[125.4222207,43.8280108],[125.4241162,43.8266656],[125.4260116,43.8253204],[125.4279071,43.8239751],[125.4298026,43.8226299],[125.4317298,43.8210126],[125.4330586,43.819305],[125.4343875,43.8175974],[125.4357163,43.8158898],[125.4370452,43.8141822],[125.438374,43.8124746],[125.4397029,43.810767],[125.4410317,43.8090594],[125.44189,43.8074359],[125.4427482,43.8058125],[125.4436065,43.804189],[125.4444647,43.8025656],[125.445323,43.8009421],[125.4446577,43.7997793],[125.4430785,43.7984001],[125.4414994,43.7970209],[125.4399202,43.7956417],[125.4382565,43.7940005],[125.4365928,43.7923592],[125.4349291,43.790718],[125.4334815,43.7895824],[125.4320338,43.7884468],[125.4314792,43.7872773],[125.4315902,43.785924],[125.4317013,43.7845707],[125.4320229,43.7839755],[125.4328593,43.7833287],[125.4349495,43.7825832],[125.436304,43.7818332],[125.4382725,43.780275],[125.4402409,43.7787167],[125.4422094,43.7771585],[125.4427803,43.7764878],[125.4432534,43.774534]]}},{"type":"Feature","properties":{"layer":"route_connector","name":"配送路线连接道路","detail_level":3,"route_nos":["03"]},"geometry":{"type":"LineString","coordinates":[[125.4432534,43.774534],[125.4437264,43.7725802],[125.4441995,43.7706264],[125.4442906,43.7693264],[125.4443818,43.7680264],[125.4440334,43.7668012],[125.4447005,43.7650582],[125.4453677,43.7633152],[125.4463796,43.7618883],[125.4471902,43.7602155],[125.4484779,43.7589128],[125.4497656,43.75761],[125.4505211,43.7561713],[125.4512766,43.7547326],[125.4520321,43.7532939],[125.4528521,43.75229],[125.4547326,43.7507443],[125.456613,43.7491986],[125.4584935,43.7476529],[125.460374,43.7461071],[125.4622545,43.7445614],[125.4641349,43.7430157],[125.4660154,43.74147],[125.4670111,43.7395371],[125.4680068,43.7376043],[125.4690025,43.7356714],[125.470547,43.7343187],[125.4720916,43.732966],[125.4732935,43.7316358],[125.4740935,43.7297951],[125.4748934,43.7279543],[125.4756934,43.7261136],[125.4773866,43.7243546],[125.4790799,43.7225956],[125.4807731,43.7208365],[125.4824664,43.7190775],[125.4841596,43.7173185],[125.4855143,43.7156535],[125.4868691,43.7139884],[125.4882238,43.7123234],[125.4892634,43.7106831],[125.4903031,43.7090427],[125.4913428,43.7074024],[125.4923824,43.705762],[125.4936747,43.7045903],[125.4949671,43.7034185],[125.4962594,43.7022468],[125.4972581,43.700711],[125.4982569,43.6991751],[125.4994122,43.697778],[125.501419,43.6962507],[125.5034257,43.6947233],[125.5054325,43.693196],[125.5074392,43.6916687],[125.509446,43.6901413],[125.5114527,43.688614],[125.5134595,43.6870867],[125.5154662,43.6855593],[125.517473,43.684032],[125.5194231,43.6829957]]}},{"type":"Feature","properties":{"layer":"route_connector","name":"配送路线连接道路","detail_level":3,"route_nos":["03"]},"geometry":{"type":"LineString","coordinates":[[125.5194231,43.6829957],[125.5198961,43.6832922],[125.5213206,43.6831453],[125.5217,43.68356]]}},{"type":"Feature","properties":{"layer":"route_connector","name":"配送路线连接道路","detail_level":3,"route_nos":["04"]},"geometry":{"type":"LineString","coordinates":[[125.3104579,43.9113092],[125.3105244,43.9093522],[125.3105908,43.9073951],[125.3106572,43.9054381],[125.3107237,43.9034811],[125.3119,43.9026235]]}},{"type":"Feature","properties":{"layer":"route_connector","name":"配送路线连接道路","detail_level":3,"route_nos":["04"]},"geometry":{"type":"LineString","coordinates":[[125.3449474,43.8620571],[125.3475267,43.862078],[125.350106,43.8620989],[125.3526854,43.8621199],[125.3552647,43.8621408],[125.357844,43.8621617],[125.3579364,43.8602163],[125.3580288,43.8582709],[125.3581211,43.8563254],[125.3582135,43.85438],[125.3583059,43.8524346],[125.3611263,43.852464],[125.3639466,43.8524934],[125.3640249,43.8508543],[125.3641032,43.8492153],[125.3664552,43.8492341],[125.3688071,43.8492529],[125.3692902,43.8491215],[125.3702115,43.8481983],[125.3701149,43.8472114],[125.3692,43.8469]]}},{"type":"Feature","properties":{"layer":"route_connector","name":"配送路线连接道路","detail_level":3,"route_nos":["05"]},"geometry":{"type":"LineString","coordinates":[[125.2865508,43.9164377],[125.2863228,43.9142934],[125.2860949,43.912149],[125.2858669,43.9100047],[125.285639,43.9078603],[125.285411,43.905716],[125.2851831,43.9035716],[125.2849551,43.9014273],[125.2850242,43.900267],[125.2846493,43.8983958],[125.2842744,43.8965246],[125.2868027,43.8956187],[125.2893309,43.8947127],[125.2918592,43.8938068],[125.2943875,43.8929009],[125.2969158,43.891995],[125.2994441,43.8910891],[125.3019723,43.8901831],[125.3045006,43.8892772],[125.3035924,43.8879278],[125.3026843,43.8865784],[125.3038392,43.8857665],[125.3042839,43.8846372],[125.3043183,43.8825789],[125.3043528,43.8805206],[125.3043872,43.8784623],[125.3044216,43.876404],[125.3044561,43.8743458],[125.3044905,43.8722875],[125.3045249,43.8702292],[125.3045594,43.8681709],[125.3045938,43.8661126],[125.3037,43.8662]]}}]}
